Month,Category,Sales
2022-01,Electronics,18009.03
2022-02,Electronics,7167.51
2022-03,Electronics,18356.81
2022-04,Electronics,13014.04
2022-05,Electronics,18425.42
2022-06,Electronics,12634.59
2022-07,Electronics,21921.04
2022-08,Electronics,6111.12
2022-09,Electronics,22865.95
2022-10,Electronics,10373.22
2022-11,Electronics,5850.84
2022-12,Electronics,16248.09
2022-01,Apparel,9487.08
2022-02,Apparel,14184.06
2022-03,Apparel,21046.28
2022-04,Apparel,20830.94
2022-05,Apparel,17007.71
2022-06,Apparel,24557.44
2022-07,Apparel,14275.02
2022-08,Apparel,5787.77
2022-09,Apparel,21388.5
2022-10,Apparel,9425.88
2022-11,Apparel,8524.78
2022-12,Apparel,6400.2
2022-01,Books,11558.0
2022-02,Books,11523.18
2022-03,Books,11055.43
2022-04,Books,16863.86
2022-05,Books,20030.84
2022-06,Books,23755.33
2022-07,Books,6881.0
2022-08,Books,8007.64
2022-09,Books,16796.85
2022-10,Books,6962.71
2022-11,Books,12415.29
2022-12,Books,17491.04
2022-01,Home,20610.9
2022-02,Home,9351.99
2022-03,Home,18359.71
2022-04,Home,17917.39
2022-05,Home,22192.32
2022-06,Home,11274.95
2022-07,Home,20001.84
2022-08,Home,20040.0
2022-09,Home,9783.89
2022-10,Home,17423.16
2022-11,Home,18503.24
2022-12,Home,10488.57
