Country,Date,Cases,Deaths
USA,2020-01-01,449,5
USA,2020-01-02,813,13
USA,2020-01-03,1089,17
USA,2020-01-04,1546,23
USA,2020-01-05,1799,29
USA,2020-01-06,2052,33
USA,2020-01-07,2376,34
USA,2020-01-08,2503,37
USA,2020-01-09,2701,42
USA,2020-01-10,2910,44
USA,2020-01-11,3356,48
USA,2020-01-12,3662,50
USA,2020-01-13,3907,55
USA,2020-01-14,4091,60
USA,2020-01-15,4330,64
USA,2020-01-16,4569,72
USA,2020-01-17,4867,74
USA,2020-01-18,5249,76
USA,2020-01-19,5569,77
USA,2020-01-20,5736,82
USA,2020-01-21,6109,87
USA,2020-01-22,6397,91
USA,2020-01-23,6549,94
USA,2020-01-24,6802,101
USA,2020-01-25,7136,102
USA,2020-01-26,7468,106
USA,2020-01-27,7700,112
USA,2020-01-28,8103,118
USA,2020-01-29,8319,122
USA,2020-01-30,8652,128
USA,2020-01-31,8904,132
USA,2020-02-01,9093,134
USA,2020-02-02,9474,141
USA,2020-02-03,9766,148
USA,2020-02-04,10102,151
USA,2020-02-05,10438,159
USA,2020-02-06,10734,167
USA,2020-02-07,10772,173
USA,2020-02-08,11080,177
USA,2020-02-09,11389,178
USA,2020-02-10,11667,183
USA,2020-02-11,12114,186
USA,2020-02-12,12333,189
USA,2020-02-13,12724,194
USA,2020-02-14,12971,200
USA,2020-02-15,13280,206
USA,2020-02-16,13509,210
USA,2020-02-17,13769,212
USA,2020-02-18,14098,217
USA,2020-02-19,14398,221
USA,2020-02-20,14556,225
USA,2020-02-21,14821,228
USA,2020-02-22,15104,233
USA,2020-02-23,15592,238
USA,2020-02-24,15917,242
USA,2020-02-25,16025,246
USA,2020-02-26,16331,255
USA,2020-02-27,16611,260
USA,2020-02-28,16907,262
USA,2020-02-29,17321,268
USA,2020-03-01,17700,271
USA,2020-03-02,18140,273
USA,2020-03-03,18498,282
USA,2020-03-04,18698,285
USA,2020-03-05,19007,288
USA,2020-03-06,19151,293
USA,2020-03-07,19344,298
USA,2020-03-08,19552,306
USA,2020-03-09,19773,310
USA,2020-03-10,20154,312
USA,2020-03-11,20476,319
USA,2020-03-12,20615,324
USA,2020-03-13,20940,330
USA,2020-03-14,21116,332
USA,2020-03-15,21468,337
USA,2020-03-16,21793,342
USA,2020-03-17,22024,347
USA,2020-03-18,22353,350
USA,2020-03-19,22839,355
USA,2020-03-20,23019,361
USA,2020-03-21,23221,367
USA,2020-03-22,23636,370
USA,2020-03-23,24032,375
USA,2020-03-24,24414,383
USA,2020-03-25,24689,386
USA,2020-03-26,24900,389
USA,2020-03-27,25192,394
USA,2020-03-28,25519,400
USA,2020-03-29,25820,407
USA,2020-03-30,26093,417
USA,2020-03-31,26455,420
USA,2020-04-01,26647,425
USA,2020-04-02,26924,431
USA,2020-04-03,27271,435
USA,2020-04-04,27486,436
USA,2020-04-05,27741,442
USA,2020-04-06,28062,444
USA,2020-04-07,28379,449
USA,2020-04-08,28590,454
USA,2020-04-09,28895,456
USA,2020-04-10,29230,462
USA,2020-04-11,29638,469
USA,2020-04-12,29800,472
USA,2020-04-13,30151,478
USA,2020-04-14,30502,490
USA,2020-04-15,30859,497
USA,2020-04-16,31254,503
USA,2020-04-17,31522,509
USA,2020-04-18,31744,513
USA,2020-04-19,31995,518
USA,2020-04-20,32526,519
USA,2020-04-21,32894,520
USA,2020-04-22,33146,527
USA,2020-04-23,33452,529
USA,2020-04-24,33680,535
USA,2020-04-25,33906,540
USA,2020-04-26,34210,543
USA,2020-04-27,34724,549
USA,2020-04-28,34821,554
USA,2020-04-29,35054,560
USA,2020-04-30,35274,564
USA,2020-05-01,35624,570
USA,2020-05-02,35803,574
USA,2020-05-03,36055,577
USA,2020-05-04,36531,582
USA,2020-05-05,36704,588
USA,2020-05-06,37216,595
USA,2020-05-07,37364,599
USA,2020-05-08,37790,602
USA,2020-05-09,38134,608
USA,2020-05-10,38341,612
USA,2020-05-11,38317,614
USA,2020-05-12,38591,616
USA,2020-05-13,39054,618
USA,2020-05-14,39309,623
USA,2020-05-15,39753,625
USA,2020-05-16,40169,630
USA,2020-05-17,40370,635
USA,2020-05-18,40689,638
USA,2020-05-19,40995,642
USA,2020-05-20,41306,648
USA,2020-05-21,41764,650
USA,2020-05-22,42277,651
USA,2020-05-23,42561,657
USA,2020-05-24,42889,660
USA,2020-05-25,43168,664
USA,2020-05-26,43409,670
USA,2020-05-27,43744,673
USA,2020-05-28,44133,678
USA,2020-05-29,44514,684
USA,2020-05-30,44731,687
USA,2020-05-31,45105,693
USA,2020-06-01,45402,698
USA,2020-06-02,45829,701
USA,2020-06-03,46183,705
USA,2020-06-04,46461,712
USA,2020-06-05,46843,718
USA,2020-06-06,47273,723
USA,2020-06-07,47641,727
USA,2020-06-08,47973,731
USA,2020-06-09,48282,737
USA,2020-06-10,48500,746
USA,2020-06-11,48699,748
USA,2020-06-12,49114,754
USA,2020-06-13,49476,760
USA,2020-06-14,49774,763
USA,2020-06-15,50081,766
USA,2020-06-16,50478,770
USA,2020-06-17,50695,774
USA,2020-06-18,51036,777
USA,2020-06-19,51253,782
USA,2020-06-20,51577,785
USA,2020-06-21,51829,790
USA,2020-06-22,51984,792
USA,2020-06-23,52212,796
USA,2020-06-24,52543,803
USA,2020-06-25,52928,807
USA,2020-06-26,53226,809
USA,2020-06-27,53524,813
USA,2020-06-28,53856,816
USA,2020-06-29,54207,824
USA,2020-06-30,54496,829
USA,2020-07-01,54865,833
USA,2020-07-02,55187,838
USA,2020-07-03,55496,841
USA,2020-07-04,55798,846
USA,2020-07-05,56243,852
USA,2020-07-06,56758,855
USA,2020-07-07,57145,860
USA,2020-07-08,57663,863
USA,2020-07-09,57879,866
USA,2020-07-10,57966,869
USA,2020-07-11,58190,874
USA,2020-07-12,58524,882
USA,2020-07-13,58919,885
USA,2020-07-14,59129,890
USA,2020-07-15,59296,898
USA,2020-07-16,59713,902
USA,2020-07-17,59841,909
USA,2020-07-18,60129,916
USA,2020-07-19,60269,919
USA,2020-07-20,60569,924
USA,2020-07-21,60823,930
USA,2020-07-22,61016,934
USA,2020-07-23,61328,940
USA,2020-07-24,61699,942
USA,2020-07-25,61845,949
USA,2020-07-26,62178,952
USA,2020-07-27,62633,957
USA,2020-07-28,63050,962
USA,2020-07-29,63556,970
USA,2020-07-30,63831,976
USA,2020-07-31,64195,983
USA,2020-08-01,64398,989
USA,2020-08-02,64803,990
USA,2020-08-03,64984,990
USA,2020-08-04,65257,996
USA,2020-08-05,65707,1001
USA,2020-08-06,66169,1003
USA,2020-08-07,66298,1007
USA,2020-08-08,66636,1011
USA,2020-08-09,66729,1015
USA,2020-08-10,66898,1021
USA,2020-08-11,67234,1024
USA,2020-08-12,67482,1026
USA,2020-08-13,67775,1032
USA,2020-08-14,67976,1038
USA,2020-08-15,68222,1041
USA,2020-08-16,68511,1043
USA,2020-08-17,68755,1045
USA,2020-08-18,69251,1050
USA,2020-08-19,69481,1055
USA,2020-08-20,69769,1059
USA,2020-08-21,70130,1065
USA,2020-08-22,70376,1068
USA,2020-08-23,70648,1068
USA,2020-08-24,70796,1075
USA,2020-08-25,71260,1079
USA,2020-08-26,71617,1084
USA,2020-08-27,72224,1091
USA,2020-08-28,72511,1094
USA,2020-08-29,72650,1099
USA,2020-08-30,72874,1101
USA,2020-08-31,73109,1103
USA,2020-09-01,73577,1109
USA,2020-09-02,73876,1116
USA,2020-09-03,74183,1119
USA,2020-09-04,74635,1125
USA,2020-09-05,74831,1129
USA,2020-09-06,75043,1131
USA,2020-09-07,75435,1139
USA,2020-09-08,75595,1145
USA,2020-09-09,75829,1149
USA,2020-09-10,76069,1152
USA,2020-09-11,76373,1155
USA,2020-09-12,76700,1159
USA,2020-09-13,76976,1162
USA,2020-09-14,77218,1168
USA,2020-09-15,77568,1171
USA,2020-09-16,77877,1177
USA,2020-09-17,78010,1183
USA,2020-09-18,78243,1189
USA,2020-09-19,78466,1190
USA,2020-09-20,78603,1195
USA,2020-09-21,78928,1198
USA,2020-09-22,79291,1199
USA,2020-09-23,79584,1201
USA,2020-09-24,79818,1206
USA,2020-09-25,80031,1210
USA,2020-09-26,80431,1213
USA,2020-09-27,80814,1215
USA,2020-09-28,81166,1222
USA,2020-09-29,81218,1225
USA,2020-09-30,81575,1229
USA,2020-10-01,81912,1232
USA,2020-10-02,82220,1236
USA,2020-10-03,82636,1241
USA,2020-10-04,82969,1245
USA,2020-10-05,83220,1249
USA,2020-10-06,83559,1253
USA,2020-10-07,83887,1262
USA,2020-10-08,84274,1266
USA,2020-10-09,84694,1270
USA,2020-10-10,84790,1272
USA,2020-10-11,84902,1276
USA,2020-10-12,85203,1284
USA,2020-10-13,85535,1288
USA,2020-10-14,85917,1288
USA,2020-10-15,86240,1294
USA,2020-10-16,86392,1301
USA,2020-10-17,86725,1305
USA,2020-10-18,87088,1314
USA,2020-10-19,87406,1319
USA,2020-10-20,87660,1322
USA,2020-10-21,88043,1325
USA,2020-10-22,88350,1329
USA,2020-10-23,88697,1334
USA,2020-10-24,89100,1337
USA,2020-10-25,89373,1340
USA,2020-10-26,89628,1345
USA,2020-10-27,90003,1348
USA,2020-10-28,90389,1355
USA,2020-10-29,90730,1363
USA,2020-10-30,90952,1365
USA,2020-10-31,91074,1372
USA,2020-11-01,91439,1376
USA,2020-11-02,91766,1378
USA,2020-11-03,92310,1383
USA,2020-11-04,92620,1389
USA,2020-11-05,92968,1394
USA,2020-11-06,93188,1399
USA,2020-11-07,93676,1406
USA,2020-11-08,94135,1409
USA,2020-11-09,94336,1413
USA,2020-11-10,94641,1420
USA,2020-11-11,94771,1428
USA,2020-11-12,95055,1432
USA,2020-11-13,95253,1433
USA,2020-11-14,95635,1438
USA,2020-11-15,95806,1440
USA,2020-11-16,96072,1448
USA,2020-11-17,96346,1449
USA,2020-11-18,96621,1453
USA,2020-11-19,96651,1457
USA,2020-11-20,96927,1463
USA,2020-11-21,97411,1470
USA,2020-11-22,97684,1472
USA,2020-11-23,98241,1477
USA,2020-11-24,98542,1481
USA,2020-11-25,98861,1485
USA,2020-11-26,99103,1488
USA,2020-11-27,99399,1491
USA,2020-11-28,99627,1496
USA,2020-11-29,99901,1504
USA,2020-11-30,99935,1511
USA,2020-12-01,100359,1511
USA,2020-12-02,100624,1515
USA,2020-12-03,100783,1518
USA,2020-12-04,100971,1526
USA,2020-12-05,101364,1533
USA,2020-12-06,101736,1535
USA,2020-12-07,101983,1540
USA,2020-12-08,102160,1546
USA,2020-12-09,102435,1550
USA,2020-12-10,102806,1555
USA,2020-12-11,103069,1562
USA,2020-12-12,103260,1568
USA,2020-12-13,103619,1572
USA,2020-12-14,103951,1574
USA,2020-12-15,104343,1578
USA,2020-12-16,104590,1585
USA,2020-12-17,104819,1587
USA,2020-12-18,104963,1593
USA,2020-12-19,105134,1601
USA,2020-12-20,105225,1609
USA,2020-12-21,105546,1613
USA,2020-12-22,105791,1618
USA,2020-12-23,106087,1625
USA,2020-12-24,106398,1630
USA,2020-12-25,106661,1634
USA,2020-12-26,106991,1635
USA,2020-12-27,107156,1641
USA,2020-12-28,107473,1645
USA,2020-12-29,107774,1650
USA,2020-12-30,108020,1653
India,2020-01-01,419,4
India,2020-01-02,759,5
India,2020-01-03,1161,10
India,2020-01-04,1486,16
India,2020-01-05,1952,23
India,2020-01-06,2067,25
India,2020-01-07,2304,30
India,2020-01-08,2655,33
India,2020-01-09,2973,36
India,2020-01-10,3211,38
India,2020-01-11,3418,40
India,2020-01-12,3620,47
India,2020-01-13,3825,57
India,2020-01-14,4174,62
India,2020-01-15,4388,68
India,2020-01-16,4630,73
India,2020-01-17,5186,77
India,2020-01-18,5600,80
India,2020-01-19,5896,88
India,2020-01-20,6133,96
India,2020-01-21,6503,99
India,2020-01-22,6866,105
India,2020-01-23,7228,106
India,2020-01-24,7455,110
India,2020-01-25,7747,116
India,2020-01-26,8064,118
India,2020-01-27,8402,124
India,2020-01-28,8757,131
India,2020-01-29,9140,136
India,2020-01-30,9432,137
India,2020-01-31,9774,142
India,2020-02-01,10101,144
India,2020-02-02,10292,151
India,2020-02-03,10588,157
India,2020-02-04,10890,162
India,2020-02-05,11283,165
India,2020-02-06,11592,169
India,2020-02-07,11848,173
India,2020-02-08,12170,177
India,2020-02-09,12595,180
India,2020-02-10,12876,184
India,2020-02-11,13320,189
India,2020-02-12,13723,191
India,2020-02-13,14049,197
India,2020-02-14,14357,204
India,2020-02-15,14605,211
India,2020-02-16,15134,215
India,2020-02-17,15389,222
India,2020-02-18,15846,225
India,2020-02-19,16103,229
India,2020-02-20,16268,232
India,2020-02-21,16467,235
India,2020-02-22,16763,240
India,2020-02-23,17218,243
India,2020-02-24,17616,247
India,2020-02-25,17911,253
India,2020-02-26,18098,258
India,2020-02-27,18414,263
India,2020-02-28,18742,272
India,2020-02-29,18978,275
India,2020-03-01,19215,278
India,2020-03-02,19451,285
India,2020-03-03,19893,288
India,2020-03-04,20109,293
India,2020-03-05,20353,299
India,2020-03-06,20673,300
India,2020-03-07,21127,308
India,2020-03-08,21365,312
India,2020-03-09,21693,317
India,2020-03-10,22058,326
India,2020-03-11,22340,329
India,2020-03-12,22502,332
India,2020-03-13,22798,340
India,2020-03-14,23046,345
India,2020-03-15,23344,352
India,2020-03-16,23896,355
India,2020-03-17,24147,362
India,2020-03-18,24515,370
India,2020-03-19,24873,374
India,2020-03-20,25232,381
India,2020-03-21,25614,387
India,2020-03-22,26020,394
India,2020-03-23,26458,400
India,2020-03-24,26741,405
India,2020-03-25,27161,408
India,2020-03-26,27497,412
India,2020-03-27,27799,419
India,2020-03-28,28118,424
India,2020-03-29,28282,430
India,2020-03-30,28646,439
India,2020-03-31,28915,444
India,2020-04-01,29239,452
India,2020-04-02,29529,457
India,2020-04-03,29889,462
India,2020-04-04,30144,467
India,2020-04-05,30551,469
India,2020-04-06,30864,472
India,2020-04-07,31283,473
India,2020-04-08,31527,478
India,2020-04-09,31983,482
India,2020-04-10,32227,490
India,2020-04-11,32382,490
India,2020-04-12,32726,493
India,2020-04-13,32923,499
India,2020-04-14,33247,502
India,2020-04-15,33418,508
India,2020-04-16,33783,512
India,2020-04-17,34267,514
India,2020-04-18,34414,517
India,2020-04-19,34709,522
India,2020-04-20,34984,527
India,2020-04-21,35158,534
India,2020-04-22,35449,541
India,2020-04-23,35783,546
India,2020-04-24,36139,551
India,2020-04-25,36503,558
India,2020-04-26,36822,564
India,2020-04-27,37113,571
India,2020-04-28,37345,579
India,2020-04-29,37640,581
India,2020-04-30,37952,584
India,2020-05-01,38336,587
India,2020-05-02,38591,588
India,2020-05-03,38845,588
India,2020-05-04,38986,594
India,2020-05-05,39364,599
India,2020-05-06,39567,603
India,2020-05-07,39866,605
India,2020-05-08,40316,611
India,2020-05-09,40593,616
India,2020-05-10,40913,616
India,2020-05-11,41188,619
India,2020-05-12,41387,623
India,2020-05-13,41866,629
India,2020-05-14,42108,635
India,2020-05-15,42547,641
India,2020-05-16,42852,644
India,2020-05-17,43221,649
India,2020-05-18,43610,655
India,2020-05-19,44014,658
India,2020-05-20,44445,663
India,2020-05-21,44952,666
India,2020-05-22,45425,671
India,2020-05-23,45659,675
India,2020-05-24,45926,680
India,2020-05-25,46278,683
India,2020-05-26,46575,692
India,2020-05-27,47047,697
India,2020-05-28,47350,702
India,2020-05-29,47711,704
India,2020-05-30,47985,705
India,2020-05-31,48324,711
India,2020-06-01,48575,719
India,2020-06-02,48752,721
India,2020-06-03,49074,728
India,2020-06-04,49542,732
India,2020-06-05,49949,736
India,2020-06-06,50231,742
India,2020-06-07,50596,743
India,2020-06-08,51043,750
India,2020-06-09,51280,755
India,2020-06-10,51629,760
India,2020-06-11,51873,763
India,2020-06-12,52170,770
India,2020-06-13,52524,774
India,2020-06-14,52901,774
India,2020-06-15,53315,775
India,2020-06-16,53578,777
India,2020-06-17,53748,784
India,2020-06-18,54001,789
India,2020-06-19,54296,794
India,2020-06-20,54603,796
India,2020-06-21,55002,800
India,2020-06-22,55146,804
India,2020-06-23,55596,810
India,2020-06-24,55861,814
India,2020-06-25,56128,823
India,2020-06-26,56466,828
India,2020-06-27,56869,833
India,2020-06-28,57143,837
India,2020-06-29,57435,841
India,2020-06-30,57807,846
India,2020-07-01,58180,850
India,2020-07-02,58487,851
India,2020-07-03,58878,856
India,2020-07-04,59277,856
India,2020-07-05,59785,860
India,2020-07-06,60195,862
India,2020-07-07,60556,864
India,2020-07-08,60793,872
India,2020-07-09,61073,877
India,2020-07-10,61460,882
India,2020-07-11,61775,887
India,2020-07-12,62315,891
India,2020-07-13,62635,898
India,2020-07-14,63045,905
India,2020-07-15,63408,907
India,2020-07-16,63871,909
India,2020-07-17,64201,912
India,2020-07-18,64494,917
India,2020-07-19,64826,922
India,2020-07-20,65287,927
India,2020-07-21,65562,933
India,2020-07-22,65980,935
India,2020-07-23,66339,941
India,2020-07-24,66609,948
India,2020-07-25,66893,953
India,2020-07-26,67175,958
India,2020-07-27,67365,960
India,2020-07-28,67824,963
India,2020-07-29,68024,963
India,2020-07-30,68260,965
India,2020-07-31,68724,972
India,2020-08-01,68955,981
India,2020-08-02,69353,985
India,2020-08-03,69403,994
India,2020-08-04,69564,995
India,2020-08-05,69966,1004
India,2020-08-06,70404,1010
India,2020-08-07,70763,1016
India,2020-08-08,71138,1021
India,2020-08-09,71448,1025
India,2020-08-10,71672,1029
India,2020-08-11,71802,1033
India,2020-08-12,72003,1035
India,2020-08-13,72320,1042
India,2020-08-14,72711,1043
India,2020-08-15,72912,1049
India,2020-08-16,73113,1053
India,2020-08-17,73468,1056
India,2020-08-18,73778,1058
India,2020-08-19,74017,1063
India,2020-08-20,74157,1068
India,2020-08-21,74455,1074
India,2020-08-22,74777,1081
India,2020-08-23,75089,1085
India,2020-08-24,75401,1091
India,2020-08-25,75705,1096
India,2020-08-26,75934,1099
India,2020-08-27,76093,1107
India,2020-08-28,76268,1110
India,2020-08-29,76496,1116
India,2020-08-30,76766,1123
India,2020-08-31,76998,1128
India,2020-09-01,77214,1137
India,2020-09-02,77395,1142
India,2020-09-03,77758,1147
India,2020-09-04,78039,1151
India,2020-09-05,78343,1155
India,2020-09-06,78739,1164
India,2020-09-07,78983,1166
India,2020-09-08,79274,1176
India,2020-09-09,79493,1184
India,2020-09-10,79960,1187
India,2020-09-11,80316,1195
India,2020-09-12,80578,1199
India,2020-09-13,80819,1201
India,2020-09-14,81054,1203
India,2020-09-15,81357,1206
India,2020-09-16,81680,1207
India,2020-09-17,82013,1213
India,2020-09-18,82113,1218
India,2020-09-19,82535,1220
India,2020-09-20,83002,1225
India,2020-09-21,83231,1229
India,2020-09-22,83586,1234
India,2020-09-23,83939,1237
India,2020-09-24,84255,1239
India,2020-09-25,84543,1242
India,2020-09-26,84769,1249
India,2020-09-27,85178,1255
India,2020-09-28,85368,1259
India,2020-09-29,85789,1264
India,2020-09-30,86320,1269
India,2020-10-01,86639,1273
India,2020-10-02,86952,1277
India,2020-10-03,87322,1283
India,2020-10-04,87543,1285
India,2020-10-05,87659,1291
India,2020-10-06,87848,1291
India,2020-10-07,88186,1300
India,2020-10-08,88485,1306
India,2020-10-09,88793,1310
India,2020-10-10,89184,1314
India,2020-10-11,89510,1319
India,2020-10-12,89743,1325
India,2020-10-13,90025,1328
India,2020-10-14,90378,1331
India,2020-10-15,90680,1335
India,2020-10-16,91088,1340
India,2020-10-17,91385,1346
India,2020-10-18,91824,1352
India,2020-10-19,92125,1354
India,2020-10-20,92318,1358
India,2020-10-21,92557,1362
India,2020-10-22,92862,1368
India,2020-10-23,93154,1373
India,2020-10-24,93460,1374
India,2020-10-25,93666,1378
India,2020-10-26,93845,1384
India,2020-10-27,94298,1391
India,2020-10-28,94576,1398
India,2020-10-29,94890,1402
India,2020-10-30,95128,1406
India,2020-10-31,95389,1411
India,2020-11-01,95705,1416
India,2020-11-02,96048,1423
India,2020-11-03,96442,1425
India,2020-11-04,96486,1431
India,2020-11-05,96649,1435
India,2020-11-06,96831,1436
India,2020-11-07,97185,1442
India,2020-11-08,97427,1442
India,2020-11-09,97672,1447
India,2020-11-10,97824,1452
India,2020-11-11,98122,1458
India,2020-11-12,98433,1461
India,2020-11-13,98852,1465
India,2020-11-14,99149,1468
India,2020-11-15,99404,1471
India,2020-11-16,99686,1479
India,2020-11-17,99848,1480
India,2020-11-18,100295,1484
India,2020-11-19,100528,1491
India,2020-11-20,100767,1499
India,2020-11-21,101134,1503
India,2020-11-22,101649,1506
India,2020-11-23,102023,1511
India,2020-11-24,102453,1519
India,2020-11-25,102756,1522
India,2020-11-26,103101,1525
India,2020-11-27,103602,1530
India,2020-11-28,103865,1535
India,2020-11-29,104030,1538
India,2020-11-30,104450,1541
India,2020-12-01,104645,1547
India,2020-12-02,105063,1553
India,2020-12-03,105462,1556
India,2020-12-04,105619,1564
India,2020-12-05,105886,1568
India,2020-12-06,106318,1574
India,2020-12-07,106663,1583
India,2020-12-08,106898,1589
India,2020-12-09,107203,1594
India,2020-12-10,107655,1600
India,2020-12-11,108008,1607
India,2020-12-12,108271,1610
India,2020-12-13,108466,1611
India,2020-12-14,108971,1613
India,2020-12-15,109248,1617
India,2020-12-16,109578,1623
India,2020-12-17,109964,1626
India,2020-12-18,110247,1631
India,2020-12-19,110522,1639
India,2020-12-20,110871,1645
India,2020-12-21,111237,1652
India,2020-12-22,111555,1654
India,2020-12-23,111894,1657
India,2020-12-24,112141,1663
India,2020-12-25,112564,1668
India,2020-12-26,112894,1676
India,2020-12-27,113218,1686
India,2020-12-28,113574,1687
India,2020-12-29,113949,1692
India,2020-12-30,114377,1698
Brazil,2020-01-01,386,3
Brazil,2020-01-02,665,6
Brazil,2020-01-03,906,12
Brazil,2020-01-04,1372,17
Brazil,2020-01-05,1552,22
Brazil,2020-01-06,1971,25
Brazil,2020-01-07,2257,30
Brazil,2020-01-08,2478,36
Brazil,2020-01-09,2765,41
Brazil,2020-01-10,2976,45
Brazil,2020-01-11,3348,49
Brazil,2020-01-12,3820,53
Brazil,2020-01-13,4142,59
Brazil,2020-01-14,4300,60
Brazil,2020-01-15,4447,67
Brazil,2020-01-16,4691,77
Brazil,2020-01-17,4934,82
Brazil,2020-01-18,5388,91
Brazil,2020-01-19,5894,98
Brazil,2020-01-20,6296,104
Brazil,2020-01-21,6673,107
Brazil,2020-01-22,6891,111
Brazil,2020-01-23,7173,115
Brazil,2020-01-24,7542,121
Brazil,2020-01-25,7850,128
Brazil,2020-01-26,8035,132
Brazil,2020-01-27,8263,133
Brazil,2020-01-28,8554,137
Brazil,2020-01-29,9005,143
Brazil,2020-01-30,9202,151
Brazil,2020-01-31,9624,157
Brazil,2020-02-01,9901,160
Brazil,2020-02-02,10163,167
Brazil,2020-02-03,10651,175
Brazil,2020-02-04,10902,177
Brazil,2020-02-05,11216,178
Brazil,2020-02-06,11548,182
Brazil,2020-02-07,11801,183
Brazil,2020-02-08,12152,186
Brazil,2020-02-09,12335,186
Brazil,2020-02-10,12632,194
Brazil,2020-02-11,13098,198
Brazil,2020-02-12,13337,203
Brazil,2020-02-13,13537,208
Brazil,2020-02-14,13913,215
Brazil,2020-02-15,14202,219
Brazil,2020-02-16,14414,222
Brazil,2020-02-17,14691,227
Brazil,2020-02-18,15082,230
Brazil,2020-02-19,15531,234
Brazil,2020-02-20,15828,237
Brazil,2020-02-21,15885,243
Brazil,2020-02-22,16258,247
Brazil,2020-02-23,16564,253
Brazil,2020-02-24,16707,256
Brazil,2020-02-25,17086,258
Brazil,2020-02-26,17415,260
Brazil,2020-02-27,17761,264
Brazil,2020-02-28,17899,271
Brazil,2020-02-29,18125,274
Brazil,2020-03-01,18445,281
Brazil,2020-03-02,18643,286
Brazil,2020-03-03,18985,292
Brazil,2020-03-04,19302,296
Brazil,2020-03-05,19519,301
Brazil,2020-03-06,19711,301
Brazil,2020-03-07,20054,307
Brazil,2020-03-08,20117,309
Brazil,2020-03-09,20478,318
Brazil,2020-03-10,20780,321
Brazil,2020-03-11,21061,328
Brazil,2020-03-12,21296,331
Brazil,2020-03-13,21547,334
Brazil,2020-03-14,21859,342
Brazil,2020-03-15,22191,346
Brazil,2020-03-16,22461,347
Brazil,2020-03-17,22849,351
Brazil,2020-03-18,23130,362
Brazil,2020-03-19,23459,365
Brazil,2020-03-20,23716,372
Brazil,2020-03-21,24027,374
Brazil,2020-03-22,24418,377
Brazil,2020-03-23,24905,384
Brazil,2020-03-24,25160,391
Brazil,2020-03-25,25466,397
Brazil,2020-03-26,25814,400
Brazil,2020-03-27,26049,407
Brazil,2020-03-28,26315,411
Brazil,2020-03-29,26519,416
Brazil,2020-03-30,27025,418
Brazil,2020-03-31,27327,425
Brazil,2020-04-01,27619,430
Brazil,2020-04-02,27812,435
Brazil,2020-04-03,28093,441
Brazil,2020-04-04,28511,451
Brazil,2020-04-05,28868,456
Brazil,2020-04-06,29187,460
Brazil,2020-04-07,29520,464
Brazil,2020-04-08,29836,471
Brazil,2020-04-09,30035,478
Brazil,2020-04-10,30466,482
Brazil,2020-04-11,30553,485
Brazil,2020-04-12,30982,489
Brazil,2020-04-13,31182,492
Brazil,2020-04-14,31566,498
Brazil,2020-04-15,31842,502
Brazil,2020-04-16,32102,505
Brazil,2020-04-17,32563,509
Brazil,2020-04-18,32984,517
Brazil,2020-04-19,33383,521
Brazil,2020-04-20,33723,525
Brazil,2020-04-21,33932,530
Brazil,2020-04-22,34114,537
Brazil,2020-04-23,34367,542
Brazil,2020-04-24,34695,546
Brazil,2020-04-25,35053,550
Brazil,2020-04-26,35440,552
Brazil,2020-04-27,35752,560
Brazil,2020-04-28,35951,563
Brazil,2020-04-29,36302,568
Brazil,2020-04-30,36637,573
Brazil,2020-05-01,37000,580
Brazil,2020-05-02,37340,584
Brazil,2020-05-03,37707,592
Brazil,2020-05-04,37993,595
Brazil,2020-05-05,38403,599
Brazil,2020-05-06,38485,605
Brazil,2020-05-07,38731,609
Brazil,2020-05-08,39064,614
Brazil,2020-05-09,39434,618
Brazil,2020-05-10,39785,622
Brazil,2020-05-11,40158,628
Brazil,2020-05-12,40364,635
Brazil,2020-05-13,40610,641
Brazil,2020-05-14,40946,649
Brazil,2020-05-15,41223,653
Brazil,2020-05-16,41521,657
Brazil,2020-05-17,41900,658
Brazil,2020-05-18,42094,660
Brazil,2020-05-19,42489,668
Brazil,2020-05-20,42778,672
Brazil,2020-05-21,43085,679
Brazil,2020-05-22,43292,684
Brazil,2020-05-23,43689,690
Brazil,2020-05-24,44007,697
Brazil,2020-05-25,44036,703
Brazil,2020-05-26,44270,704
Brazil,2020-05-27,44621,711
Brazil,2020-05-28,44907,717
Brazil,2020-05-29,45368,724
Brazil,2020-05-30,45831,730
Brazil,2020-05-31,46138,731
Brazil,2020-06-01,46413,734
Brazil,2020-06-02,46930,738
Brazil,2020-06-03,47242,744
Brazil,2020-06-04,47546,752
Brazil,2020-06-05,47783,757
Brazil,2020-06-06,48008,759
Brazil,2020-06-07,48246,763
Brazil,2020-06-08,48503,766
Brazil,2020-06-09,48662,770
Brazil,2020-06-10,48811,776
Brazil,2020-06-11,49119,778
Brazil,2020-06-12,49388,781
Brazil,2020-06-13,49719,788
Brazil,2020-06-14,49831,793
Brazil,2020-06-15,50114,799
Brazil,2020-06-16,50435,802
Brazil,2020-06-17,50703,805
Brazil,2020-06-18,51110,810
Brazil,2020-06-19,51600,814
Brazil,2020-06-20,51829,815
Brazil,2020-06-21,51948,816
Brazil,2020-06-22,52274,822
Brazil,2020-06-23,52415,828
Brazil,2020-06-24,52666,833
Brazil,2020-06-25,53127,839
Brazil,2020-06-26,53400,842
Brazil,2020-06-27,53484,845
Brazil,2020-06-28,53762,848
Brazil,2020-06-29,54048,853
Brazil,2020-06-30,54325,856
Brazil,2020-07-01,54641,861
Brazil,2020-07-02,54831,868
Brazil,2020-07-03,55121,873
Brazil,2020-07-04,55491,878
Brazil,2020-07-05,55886,883
Brazil,2020-07-06,56124,888
Brazil,2020-07-07,56309,893
Brazil,2020-07-08,56605,897
Brazil,2020-07-09,56892,898
Brazil,2020-07-10,57137,903
Brazil,2020-07-11,57452,905
Brazil,2020-07-12,57878,908
Brazil,2020-07-13,58274,913
Brazil,2020-07-14,58509,921
Brazil,2020-07-15,58689,927
Brazil,2020-07-16,59089,930
Brazil,2020-07-17,59528,934
Brazil,2020-07-18,59856,939
Brazil,2020-07-19,60142,945
Brazil,2020-07-20,60521,946
Brazil,2020-07-21,60951,947
Brazil,2020-07-22,61354,954
Brazil,2020-07-23,61544,958
Brazil,2020-07-24,61733,962
Brazil,2020-07-25,62002,968
Brazil,2020-07-26,62433,975
Brazil,2020-07-27,62676,979
Brazil,2020-07-28,62807,982
Brazil,2020-07-29,63203,990
Brazil,2020-07-30,63379,993
Brazil,2020-07-31,63676,998
Brazil,2020-08-01,63895,1003
Brazil,2020-08-02,64147,1007
Brazil,2020-08-03,64501,1012
Brazil,2020-08-04,64757,1016
Brazil,2020-08-05,65048,1020
Brazil,2020-08-06,65322,1028
Brazil,2020-08-07,65678,1032
Brazil,2020-08-08,66047,1036
Brazil,2020-08-09,66464,1041
Brazil,2020-08-10,66753,1046
Brazil,2020-08-11,66895,1048
Brazil,2020-08-12,67075,1053
Brazil,2020-08-13,67548,1062
Brazil,2020-08-14,67911,1068
Brazil,2020-08-15,68030,1071
Brazil,2020-08-16,68251,1074
Brazil,2020-08-17,68534,1078
Brazil,2020-08-18,68636,1084
Brazil,2020-08-19,68828,1089
Brazil,2020-08-20,69335,1092
Brazil,2020-08-21,69381,1096
Brazil,2020-08-22,69791,1104
Brazil,2020-08-23,69968,1109
Brazil,2020-08-24,70221,1113
Brazil,2020-08-25,70785,1114
Brazil,2020-08-26,71110,1119
Brazil,2020-08-27,71518,1124
Brazil,2020-08-28,71848,1128
Brazil,2020-08-29,72174,1132
Brazil,2020-08-30,72536,1136
Brazil,2020-08-31,72873,1140
Brazil,2020-09-01,73285,1144
Brazil,2020-09-02,73407,1151
Brazil,2020-09-03,73616,1154
Brazil,2020-09-04,73856,1161
Brazil,2020-09-05,73942,1172
Brazil,2020-09-06,74347,1177
Brazil,2020-09-07,74641,1182
Brazil,2020-09-08,74993,1188
Brazil,2020-09-09,75348,1193
Brazil,2020-09-10,75628,1197
Brazil,2020-09-11,75908,1204
Brazil,2020-09-12,76267,1204
Brazil,2020-09-13,76632,1209
Brazil,2020-09-14,76930,1213
Brazil,2020-09-15,77342,1219
Brazil,2020-09-16,77564,1224
Brazil,2020-09-17,77766,1226
Brazil,2020-09-18,78003,1232
Brazil,2020-09-19,78398,1238
Brazil,2020-09-20,78770,1244
Brazil,2020-09-21,79005,1249
Brazil,2020-09-22,79385,1255
Brazil,2020-09-23,79803,1261
Brazil,2020-09-24,80138,1268
Brazil,2020-09-25,80435,1271
Brazil,2020-09-26,80718,1274
Brazil,2020-09-27,80950,1278
Brazil,2020-09-28,81170,1282
Brazil,2020-09-29,81280,1287
Brazil,2020-09-30,81580,1290
Brazil,2020-10-01,81945,1296
Brazil,2020-10-02,82084,1299
Brazil,2020-10-03,82307,1302
Brazil,2020-10-04,82689,1306
Brazil,2020-10-05,82962,1306
Brazil,2020-10-06,83325,1308
Brazil,2020-10-07,83630,1313
Brazil,2020-10-08,84066,1315
Brazil,2020-10-09,84065,1320
Brazil,2020-10-10,84545,1327
Brazil,2020-10-11,84865,1331
Brazil,2020-10-12,85245,1334
Brazil,2020-10-13,85592,1340
Brazil,2020-10-14,85998,1350
Brazil,2020-10-15,86337,1353
Brazil,2020-10-16,86634,1354
Brazil,2020-10-17,86864,1358
Brazil,2020-10-18,87111,1363
Brazil,2020-10-19,87328,1370
Brazil,2020-10-20,87628,1374
Brazil,2020-10-21,87895,1379
Brazil,2020-10-22,88277,1382
Brazil,2020-10-23,88511,1386
Brazil,2020-10-24,88676,1389
Brazil,2020-10-25,88928,1395
Brazil,2020-10-26,89254,1400
Brazil,2020-10-27,89639,1404
Brazil,2020-10-28,89978,1408
Brazil,2020-10-29,90304,1411
Brazil,2020-10-30,90360,1415
Brazil,2020-10-31,90802,1421
Brazil,2020-11-01,91198,1428
Brazil,2020-11-02,91506,1433
Brazil,2020-11-03,91744,1437
Brazil,2020-11-04,92105,1444
Brazil,2020-11-05,92391,1448
Brazil,2020-11-06,92691,1454
Brazil,2020-11-07,92846,1454
Brazil,2020-11-08,93090,1456
Brazil,2020-11-09,93339,1460
Brazil,2020-11-10,93593,1467
Brazil,2020-11-11,93925,1472
Brazil,2020-11-12,94287,1474
Brazil,2020-11-13,94690,1478
Brazil,2020-11-14,95057,1480
Brazil,2020-11-15,95201,1486
Brazil,2020-11-16,95538,1489
Brazil,2020-11-17,95751,1496
Brazil,2020-11-18,95932,1504
Brazil,2020-11-19,96141,1510
Brazil,2020-11-20,96408,1516
Brazil,2020-11-21,96653,1520
Brazil,2020-11-22,96957,1522
Brazil,2020-11-23,97331,1525
Brazil,2020-11-24,97608,1528
Brazil,2020-11-25,97651,1532
Brazil,2020-11-26,98192,1538
Brazil,2020-11-27,98490,1542
Brazil,2020-11-28,98792,1548
Brazil,2020-11-29,98973,1555
Brazil,2020-11-30,99344,1561
Brazil,2020-12-01,99687,1566
Brazil,2020-12-02,100054,1572
Brazil,2020-12-03,100318,1575
Brazil,2020-12-04,100628,1583
Brazil,2020-12-05,100804,1585
Brazil,2020-12-06,101120,1590
Brazil,2020-12-07,101437,1595
Brazil,2020-12-08,101714,1602
Brazil,2020-12-09,101853,1605
Brazil,2020-12-10,102142,1606
Brazil,2020-12-11,102424,1614
Brazil,2020-12-12,102726,1619
Brazil,2020-12-13,102899,1622
Brazil,2020-12-14,103161,1626
Brazil,2020-12-15,103589,1632
Brazil,2020-12-16,103777,1637
Brazil,2020-12-17,104126,1644
Brazil,2020-12-18,104584,1646
Brazil,2020-12-19,104802,1648
Brazil,2020-12-20,105078,1653
Brazil,2020-12-21,105476,1657
Brazil,2020-12-22,105744,1662
Brazil,2020-12-23,105960,1671
Brazil,2020-12-24,106099,1676
Brazil,2020-12-25,106601,1681
Brazil,2020-12-26,106881,1685
Brazil,2020-12-27,107162,1692
Brazil,2020-12-28,107240,1700
Brazil,2020-12-29,107397,1704
Brazil,2020-12-30,107654,1710
UK,2020-01-01,240,6
UK,2020-01-02,742,8
UK,2020-01-03,1060,11
UK,2020-01-04,1402,16
UK,2020-01-05,1637,21
UK,2020-01-06,2117,25
UK,2020-01-07,2488,27
UK,2020-01-08,2692,32
UK,2020-01-09,3140,37
UK,2020-01-10,3408,41
UK,2020-01-11,3582,47
UK,2020-01-12,3970,51
UK,2020-01-13,4222,56
UK,2020-01-14,4478,60
UK,2020-01-15,4987,64
UK,2020-01-16,5251,67
UK,2020-01-17,5625,71
UK,2020-01-18,5860,78
UK,2020-01-19,6301,81
UK,2020-01-20,6414,88
UK,2020-01-21,6645,94
UK,2020-01-22,6747,100
UK,2020-01-23,6925,106
UK,2020-01-24,7226,109
UK,2020-01-25,7485,115
UK,2020-01-26,7795,121
UK,2020-01-27,8292,122
UK,2020-01-28,8753,127
UK,2020-01-29,8963,129
UK,2020-01-30,9244,135
UK,2020-01-31,9531,143
UK,2020-02-01,9685,147
UK,2020-02-02,9859,152
UK,2020-02-03,10247,156
UK,2020-02-04,10286,161
UK,2020-02-05,10629,166
UK,2020-02-06,11052,168
UK,2020-02-07,11420,175
UK,2020-02-08,11542,180
UK,2020-02-09,11791,184
UK,2020-02-10,12125,188
UK,2020-02-11,12357,193
UK,2020-02-12,12548,195
UK,2020-02-13,12915,197
UK,2020-02-14,13281,202
UK,2020-02-15,13408,205
UK,2020-02-16,13827,208
UK,2020-02-17,14080,213
UK,2020-02-18,14458,217
UK,2020-02-19,14698,224
UK,2020-02-20,15171,230
UK,2020-02-21,15479,233
UK,2020-02-22,15695,239
UK,2020-02-23,16036,246
UK,2020-02-24,16401,247
UK,2020-02-25,16806,250
UK,2020-02-26,17067,255
UK,2020-02-27,17566,266
UK,2020-02-28,17926,270
UK,2020-02-29,18279,276
UK,2020-03-01,18546,284
UK,2020-03-02,18869,289
UK,2020-03-03,19235,294
UK,2020-03-04,19618,297
UK,2020-03-05,19862,299
UK,2020-03-06,20205,305
UK,2020-03-07,20550,313
UK,2020-03-08,20849,319
UK,2020-03-09,21039,323
UK,2020-03-10,21408,329
UK,2020-03-11,21678,333
UK,2020-03-12,21826,337
UK,2020-03-13,22215,343
UK,2020-03-14,22565,348
UK,2020-03-15,22865,351
UK,2020-03-16,23234,356
UK,2020-03-17,23583,359
UK,2020-03-18,23667,366
UK,2020-03-19,23919,369
UK,2020-03-20,24288,373
UK,2020-03-21,24693,379
UK,2020-03-22,25061,381
UK,2020-03-23,25482,386
UK,2020-03-24,25745,391
UK,2020-03-25,25867,396
UK,2020-03-26,26064,398
UK,2020-03-27,26211,405
UK,2020-03-28,26448,413
UK,2020-03-29,26694,414
UK,2020-03-30,26882,421
UK,2020-03-31,27166,424
UK,2020-04-01,27482,430
UK,2020-04-02,27893,437
UK,2020-04-03,28157,439
UK,2020-04-04,28415,444
UK,2020-04-05,28618,447
UK,2020-04-06,28952,451
UK,2020-04-07,29255,454
UK,2020-04-08,29531,457
UK,2020-04-09,29920,464
UK,2020-04-10,30035,467
UK,2020-04-11,30185,470
UK,2020-04-12,30476,472
UK,2020-04-13,30683,474
UK,2020-04-14,31003,479
UK,2020-04-15,31230,484
UK,2020-04-16,31475,488
UK,2020-04-17,31942,495
UK,2020-04-18,32112,501
UK,2020-04-19,32493,503
UK,2020-04-20,32874,511
UK,2020-04-21,33061,514
UK,2020-04-22,33462,519
UK,2020-04-23,33817,524
UK,2020-04-24,34156,526
UK,2020-04-25,34560,533
UK,2020-04-26,34837,537
UK,2020-04-27,34983,543
UK,2020-04-28,35340,547
UK,2020-04-29,35752,551
UK,2020-04-30,36108,553
UK,2020-05-01,36405,557
UK,2020-05-02,36727,561
UK,2020-05-03,37013,567
UK,2020-05-04,37269,568
UK,2020-05-05,37743,575
UK,2020-05-06,37913,581
UK,2020-05-07,38162,586
UK,2020-05-08,38491,590
UK,2020-05-09,38712,593
UK,2020-05-10,38920,596
UK,2020-05-11,39213,599
UK,2020-05-12,39581,606
UK,2020-05-13,39822,611
UK,2020-05-14,40171,616
UK,2020-05-15,40478,622
UK,2020-05-16,40826,624
UK,2020-05-17,41212,630
UK,2020-05-18,41435,635
UK,2020-05-19,41803,639
UK,2020-05-20,42210,648
UK,2020-05-21,42431,650
UK,2020-05-22,42761,656
UK,2020-05-23,43037,663
UK,2020-05-24,43203,669
UK,2020-05-25,43442,677
UK,2020-05-26,43941,680
UK,2020-05-27,44186,686
UK,2020-05-28,44447,690
UK,2020-05-29,44749,691
UK,2020-05-30,45047,694
UK,2020-05-31,45297,701
UK,2020-06-01,45471,707
UK,2020-06-02,45743,711
UK,2020-06-03,46122,716
UK,2020-06-04,46479,722
UK,2020-06-05,46745,725
UK,2020-06-06,46936,728
UK,2020-06-07,47530,735
UK,2020-06-08,47694,737
UK,2020-06-09,48042,743
UK,2020-06-10,48396,747
UK,2020-06-11,48683,752
UK,2020-06-12,48991,752
UK,2020-06-13,49268,755
UK,2020-06-14,49585,765
UK,2020-06-15,49921,769
UK,2020-06-16,50313,774
UK,2020-06-17,50655,780
UK,2020-06-18,51160,782
UK,2020-06-19,51507,785
UK,2020-06-20,51862,788
UK,2020-06-21,52120,792
UK,2020-06-22,52517,798
UK,2020-06-23,52692,803
UK,2020-06-24,52921,805
UK,2020-06-25,53199,809
UK,2020-06-26,53741,814
UK,2020-06-27,53903,817
UK,2020-06-28,54305,826
UK,2020-06-29,54446,827
UK,2020-06-30,54933,832
UK,2020-07-01,55146,838
UK,2020-07-02,55182,843
UK,2020-07-03,55514,849
UK,2020-07-04,55712,854
UK,2020-07-05,55919,859
UK,2020-07-06,56129,863
UK,2020-07-07,56329,869
UK,2020-07-08,56714,873
UK,2020-07-09,57017,875
UK,2020-07-10,57287,879
UK,2020-07-11,57849,881
UK,2020-07-12,58295,887
UK,2020-07-13,58623,895
UK,2020-07-14,58960,900
UK,2020-07-15,59254,907
UK,2020-07-16,59663,910
UK,2020-07-17,59831,914
UK,2020-07-18,60050,918
UK,2020-07-19,60473,922
UK,2020-07-20,60768,927
UK,2020-07-21,61152,927
UK,2020-07-22,61391,932
UK,2020-07-23,61811,936
UK,2020-07-24,61923,942
UK,2020-07-25,62159,944
UK,2020-07-26,62396,948
UK,2020-07-27,62635,948
UK,2020-07-28,63024,955
UK,2020-07-29,63389,957
UK,2020-07-30,63668,961
UK,2020-07-31,64027,967
UK,2020-08-01,64253,972
UK,2020-08-02,64598,979
UK,2020-08-03,64968,985
UK,2020-08-04,65276,992
UK,2020-08-05,65616,995
UK,2020-08-06,66056,1001
UK,2020-08-07,66311,1005
UK,2020-08-08,66640,1010
UK,2020-08-09,66959,1015
UK,2020-08-10,67428,1022
UK,2020-08-11,67747,1028
UK,2020-08-12,67943,1033
UK,2020-08-13,68423,1037
UK,2020-08-14,68638,1040
UK,2020-08-15,68829,1043
UK,2020-08-16,69091,1045
UK,2020-08-17,69392,1051
UK,2020-08-18,69601,1059
UK,2020-08-19,69952,1066
UK,2020-08-20,70186,1072
UK,2020-08-21,70376,1078
UK,2020-08-22,70693,1084
UK,2020-08-23,70875,1087
UK,2020-08-24,71234,1090
UK,2020-08-25,71580,1092
UK,2020-08-26,71964,1094
UK,2020-08-27,72319,1100
UK,2020-08-28,72549,1106
UK,2020-08-29,72875,1109
UK,2020-08-30,73074,1110
UK,2020-08-31,73408,1111
UK,2020-09-01,73717,1115
UK,2020-09-02,74084,1119
UK,2020-09-03,74351,1125
UK,2020-09-04,74684,1130
UK,2020-09-05,75030,1131
UK,2020-09-06,75405,1137
UK,2020-09-07,75603,1141
UK,2020-09-08,75899,1145
UK,2020-09-09,76232,1152
UK,2020-09-10,76640,1154
UK,2020-09-11,77002,1161
UK,2020-09-12,77340,1168
UK,2020-09-13,77841,1175
UK,2020-09-14,78165,1182
UK,2020-09-15,78479,1187
UK,2020-09-16,78743,1195
UK,2020-09-17,78961,1203
UK,2020-09-18,79310,1205
UK,2020-09-19,79646,1205
UK,2020-09-20,80008,1211
UK,2020-09-21,80248,1216
UK,2020-09-22,80743,1219
UK,2020-09-23,80937,1226
UK,2020-09-24,81433,1231
UK,2020-09-25,81834,1238
UK,2020-09-26,82059,1242
UK,2020-09-27,82482,1250
UK,2020-09-28,82838,1253
UK,2020-09-29,83336,1256
UK,2020-09-30,83602,1261
UK,2020-10-01,84057,1267
UK,2020-10-02,84398,1272
UK,2020-10-03,84702,1278
UK,2020-10-04,84749,1282
UK,2020-10-05,85073,1284
UK,2020-10-06,85411,1288
UK,2020-10-07,85886,1296
UK,2020-10-08,86139,1300
UK,2020-10-09,86431,1304
UK,2020-10-10,86750,1307
UK,2020-10-11,86936,1313
UK,2020-10-12,87298,1316
UK,2020-10-13,87687,1319
UK,2020-10-14,88012,1325
UK,2020-10-15,88308,1330
UK,2020-10-16,88556,1334
UK,2020-10-17,88835,1337
UK,2020-10-18,89117,1338
UK,2020-10-19,89367,1342
UK,2020-10-20,89641,1346
UK,2020-10-21,89934,1351
UK,2020-10-22,90321,1354
UK,2020-10-23,90500,1356
UK,2020-10-24,90751,1360
UK,2020-10-25,90974,1362
UK,2020-10-26,91228,1367
UK,2020-10-27,91587,1370
UK,2020-10-28,91845,1373
UK,2020-10-29,92141,1376
UK,2020-10-30,92498,1377
UK,2020-10-31,92762,1382
UK,2020-11-01,93080,1392
UK,2020-11-02,93414,1394
UK,2020-11-03,93704,1395
UK,2020-11-04,93995,1398
UK,2020-11-05,94386,1401
UK,2020-11-06,94674,1404
UK,2020-11-07,95147,1408
UK,2020-11-08,95630,1414
UK,2020-11-09,95978,1419
UK,2020-11-10,96317,1420
UK,2020-11-11,96589,1426
UK,2020-11-12,96884,1428
UK,2020-11-13,97178,1436
UK,2020-11-14,97602,1440
UK,2020-11-15,97997,1444
UK,2020-11-16,98126,1447
UK,2020-11-17,98582,1451
UK,2020-11-18,98857,1455
UK,2020-11-19,99347,1463
UK,2020-11-20,99868,1467
UK,2020-11-21,100197,1468
UK,2020-11-22,100644,1470
UK,2020-11-23,100965,1472
UK,2020-11-24,101206,1475
UK,2020-11-25,101445,1478
UK,2020-11-26,101690,1484
UK,2020-11-27,101879,1489
UK,2020-11-28,102300,1492
UK,2020-11-29,102528,1496
UK,2020-11-30,102945,1501
UK,2020-12-01,103191,1506
UK,2020-12-02,103380,1512
UK,2020-12-03,103720,1516
UK,2020-12-04,103936,1519
UK,2020-12-05,104289,1526
UK,2020-12-06,104525,1531
UK,2020-12-07,104616,1534
UK,2020-12-08,104912,1537
UK,2020-12-09,105118,1540
UK,2020-12-10,105447,1544
UK,2020-12-11,105523,1544
UK,2020-12-12,105762,1549
UK,2020-12-13,105787,1553
UK,2020-12-14,106034,1560
UK,2020-12-15,106295,1565
UK,2020-12-16,106609,1565
UK,2020-12-17,106985,1570
UK,2020-12-18,107335,1582
UK,2020-12-19,107426,1590
UK,2020-12-20,107697,1595
UK,2020-12-21,107992,1599
UK,2020-12-22,108235,1604
UK,2020-12-23,108383,1610
UK,2020-12-24,108641,1612
UK,2020-12-25,108895,1619
UK,2020-12-26,109141,1624
UK,2020-12-27,109367,1630
UK,2020-12-28,109735,1638
UK,2020-12-29,110017,1644
UK,2020-12-30,110326,1651
Germany,2020-01-01,328,7
Germany,2020-01-02,608,11
Germany,2020-01-03,917,16
Germany,2020-01-04,1205,21
Germany,2020-01-05,1662,27
Germany,2020-01-06,2048,31
Germany,2020-01-07,2259,37
Germany,2020-01-08,2646,44
Germany,2020-01-09,2885,48
Germany,2020-01-10,3021,52
Germany,2020-01-11,3420,56
Germany,2020-01-12,3784,60
Germany,2020-01-13,4116,62
Germany,2020-01-14,4424,62
Germany,2020-01-15,4705,63
Germany,2020-01-16,5125,69
Germany,2020-01-17,5471,77
Germany,2020-01-18,5676,85
Germany,2020-01-19,6069,89
Germany,2020-01-20,6482,91
Germany,2020-01-21,6699,94
Germany,2020-01-22,6946,96
Germany,2020-01-23,7368,100
Germany,2020-01-24,7703,103
Germany,2020-01-25,7820,108
Germany,2020-01-26,7928,112
Germany,2020-01-27,8091,120
Germany,2020-01-28,8482,125
Germany,2020-01-29,8908,128
Germany,2020-01-30,9262,133
Germany,2020-01-31,9588,140
Germany,2020-02-01,9961,145
Germany,2020-02-02,10095,148
Germany,2020-02-03,10382,153
Germany,2020-02-04,10568,162
Germany,2020-02-05,11019,168
Germany,2020-02-06,11326,172
Germany,2020-02-07,11530,177
Germany,2020-02-08,11855,179
Germany,2020-02-09,12188,183
Germany,2020-02-10,12297,186
Germany,2020-02-11,12555,194
Germany,2020-02-12,12910,196
Germany,2020-02-13,13258,197
Germany,2020-02-14,13666,201
Germany,2020-02-15,13956,208
Germany,2020-02-16,14127,210
Germany,2020-02-17,14368,217
Germany,2020-02-18,14516,217
Germany,2020-02-19,14770,223
Germany,2020-02-20,15190,227
Germany,2020-02-21,15448,234
Germany,2020-02-22,15561,238
Germany,2020-02-23,15880,243
Germany,2020-02-24,16129,248
Germany,2020-02-25,16180,251
Germany,2020-02-26,16525,254
Germany,2020-02-27,16830,259
Germany,2020-02-28,17095,264
Germany,2020-02-29,17298,268
Germany,2020-03-01,17659,273
Germany,2020-03-02,17900,278
Germany,2020-03-03,18271,278
Germany,2020-03-04,18686,282
Germany,2020-03-05,19028,289
Germany,2020-03-06,19190,292
Germany,2020-03-07,19461,295
Germany,2020-03-08,19934,298
Germany,2020-03-09,20178,303
Germany,2020-03-10,20357,307
Germany,2020-03-11,20688,311
Germany,2020-03-12,20978,314
Germany,2020-03-13,21126,319
Germany,2020-03-14,21601,324
Germany,2020-03-15,21923,330
Germany,2020-03-16,22096,338
Germany,2020-03-17,22416,346
Germany,2020-03-18,22642,354
Germany,2020-03-19,23019,360
Germany,2020-03-20,23342,364
Germany,2020-03-21,23762,369
Germany,2020-03-22,23865,371
Germany,2020-03-23,24146,376
Germany,2020-03-24,24440,383
Germany,2020-03-25,24544,388
Germany,2020-03-26,24662,394
Germany,2020-03-27,24952,399
Germany,2020-03-28,25165,406
Germany,2020-03-29,25569,412
Germany,2020-03-30,25856,418
Germany,2020-03-31,26085,424
Germany,2020-04-01,26549,431
Germany,2020-04-02,26776,436
Germany,2020-04-03,26946,442
Germany,2020-04-04,27291,443
Germany,2020-04-05,27474,447
Germany,2020-04-06,27743,449
Germany,2020-04-07,28081,454
Germany,2020-04-08,28361,457
Germany,2020-04-09,28765,465
Germany,2020-04-10,29016,468
Germany,2020-04-11,29365,472
Germany,2020-04-12,29651,478
Germany,2020-04-13,29760,485
Germany,2020-04-14,30067,489
Germany,2020-04-15,30358,493
Germany,2020-04-16,30484,500
Germany,2020-04-17,30788,505
Germany,2020-04-18,31183,507
Germany,2020-04-19,31530,511
Germany,2020-04-20,31914,511
Germany,2020-04-21,32204,514
Germany,2020-04-22,32547,519
Germany,2020-04-23,32776,522
Germany,2020-04-24,33064,525
Germany,2020-04-25,33448,529
Germany,2020-04-26,33457,533
Germany,2020-04-27,33653,534
Germany,2020-04-28,33829,539
Germany,2020-04-29,34261,544
Germany,2020-04-30,34500,549
Germany,2020-05-01,34754,552
Germany,2020-05-02,34938,553
Germany,2020-05-03,35199,558
Germany,2020-05-04,35489,562
Germany,2020-05-05,35694,568
Germany,2020-05-06,35862,574
Germany,2020-05-07,36061,577
Germany,2020-05-08,36214,580
Germany,2020-05-09,36611,586
Germany,2020-05-10,37008,592
Germany,2020-05-11,37197,596
Germany,2020-05-12,37418,603
Germany,2020-05-13,37598,609
Germany,2020-05-14,37987,617
Germany,2020-05-15,38246,623
Germany,2020-05-16,38774,626
Germany,2020-05-17,38920,627
Germany,2020-05-18,39291,628
Germany,2020-05-19,39553,633
Germany,2020-05-20,39871,638
Germany,2020-05-21,40193,645
Germany,2020-05-22,40397,648
Germany,2020-05-23,40619,654
Germany,2020-05-24,41009,659
Germany,2020-05-25,41427,661
Germany,2020-05-26,41893,669
Germany,2020-05-27,42266,677
Germany,2020-05-28,42400,680
Germany,2020-05-29,42626,686
Germany,2020-05-30,42820,692
Germany,2020-05-31,43257,698
Germany,2020-06-01,43585,701
Germany,2020-06-02,43800,708
Germany,2020-06-03,44177,712
Germany,2020-06-04,44435,712
Germany,2020-06-05,44627,720
Germany,2020-06-06,44798,725
Germany,2020-06-07,45198,727
Germany,2020-06-08,45516,733
Germany,2020-06-09,45817,743
Germany,2020-06-10,45950,750
Germany,2020-06-11,46232,756
Germany,2020-06-12,46576,759
Germany,2020-06-13,46898,760
Germany,2020-06-14,47258,765
Germany,2020-06-15,47621,772
Germany,2020-06-16,47957,777
Germany,2020-06-17,48168,780
Germany,2020-06-18,48586,787
Germany,2020-06-19,48862,792
Germany,2020-06-20,49071,799
Germany,2020-06-21,49437,807
Germany,2020-06-22,49649,811
Germany,2020-06-23,49972,817
Germany,2020-06-24,50250,820
Germany,2020-06-25,50638,826
Germany,2020-06-26,50846,833
Germany,2020-06-27,51263,838
Germany,2020-06-28,51570,844
Germany,2020-06-29,51783,849
Germany,2020-06-30,51867,855
Germany,2020-07-01,52010,863
Germany,2020-07-02,52276,867
Germany,2020-07-03,52513,871
Germany,2020-07-04,52954,871
Germany,2020-07-05,53381,876
Germany,2020-07-06,53560,878
Germany,2020-07-07,54027,881
Germany,2020-07-08,54211,888
Germany,2020-07-09,54544,891
Germany,2020-07-10,54865,893
Germany,2020-07-11,55275,900
Germany,2020-07-12,55628,905
Germany,2020-07-13,56104,909
Germany,2020-07-14,56285,914
Germany,2020-07-15,56793,916
Germany,2020-07-16,57056,921
Germany,2020-07-17,57350,924
Germany,2020-07-18,57762,933
Germany,2020-07-19,58081,936
Germany,2020-07-20,58226,941
Germany,2020-07-21,58636,946
Germany,2020-07-22,58935,949
Germany,2020-07-23,59125,955
Germany,2020-07-24,59516,956
Germany,2020-07-25,59974,962
Germany,2020-07-26,60413,964
Germany,2020-07-27,60576,968
Germany,2020-07-28,60926,976
Germany,2020-07-29,61296,980
Germany,2020-07-30,61493,987
Germany,2020-07-31,61696,995
Germany,2020-08-01,61967,1003
Germany,2020-08-02,62334,1007
Germany,2020-08-03,62582,1011
Germany,2020-08-04,62924,1016
Germany,2020-08-05,63164,1020
Germany,2020-08-06,63471,1020
Germany,2020-08-07,63816,1023
Germany,2020-08-08,64000,1024
Germany,2020-08-09,64120,1026
Germany,2020-08-10,64349,1034
Germany,2020-08-11,64596,1039
Germany,2020-08-12,64936,1044
Germany,2020-08-13,65228,1046
Germany,2020-08-14,65673,1054
Germany,2020-08-15,65804,1056
Germany,2020-08-16,66076,1059
Germany,2020-08-17,66426,1062
Germany,2020-08-18,66942,1069
Germany,2020-08-19,67263,1076
Germany,2020-08-20,67673,1079
Germany,2020-08-21,67891,1084
Germany,2020-08-22,68277,1089
Germany,2020-08-23,68419,1092
Germany,2020-08-24,68711,1096
Germany,2020-08-25,69208,1098
Germany,2020-08-26,69558,1105
Germany,2020-08-27,70085,1109
Germany,2020-08-28,70434,1115
Germany,2020-08-29,70753,1119
Germany,2020-08-30,71096,1119
Germany,2020-08-31,71464,1124
Germany,2020-09-01,71741,1133
Germany,2020-09-02,71973,1137
Germany,2020-09-03,72472,1140
Germany,2020-09-04,72716,1144
Germany,2020-09-05,73100,1149
Germany,2020-09-06,73270,1152
Germany,2020-09-07,73509,1156
Germany,2020-09-08,73851,1161
Germany,2020-09-09,73973,1168
Germany,2020-09-10,74298,1175
Germany,2020-09-11,74642,1182
Germany,2020-09-12,74988,1189
Germany,2020-09-13,75340,1193
Germany,2020-09-14,75867,1199
Germany,2020-09-15,76224,1201
Germany,2020-09-16,76395,1206
Germany,2020-09-17,76709,1209
Germany,2020-09-18,77023,1217
Germany,2020-09-19,77392,1219
Germany,2020-09-20,77680,1222
Germany,2020-09-21,77941,1226
Germany,2020-09-22,78193,1228
Germany,2020-09-23,78480,1231
Germany,2020-09-24,78487,1240
Germany,2020-09-25,78895,1244
Germany,2020-09-26,79196,1246
Germany,2020-09-27,79665,1254
Germany,2020-09-28,79980,1261
Germany,2020-09-29,80297,1263
Germany,2020-09-30,80555,1268
Germany,2020-10-01,80809,1272
Germany,2020-10-02,81099,1276
Germany,2020-10-03,81404,1278
Germany,2020-10-04,81632,1280
Germany,2020-10-05,82029,1280
Germany,2020-10-06,82444,1287
Germany,2020-10-07,82713,1287
Germany,2020-10-08,82976,1291
Germany,2020-10-09,83174,1294
Germany,2020-10-10,83627,1300
Germany,2020-10-11,83834,1301
Germany,2020-10-12,84101,1305
Germany,2020-10-13,84450,1308
Germany,2020-10-14,84801,1316
Germany,2020-10-15,85182,1320
Germany,2020-10-16,85463,1324
Germany,2020-10-17,85881,1327
Germany,2020-10-18,86185,1332
Germany,2020-10-19,86434,1334
Germany,2020-10-20,86766,1338
Germany,2020-10-21,87116,1341
Germany,2020-10-22,87538,1344
Germany,2020-10-23,88009,1345
Germany,2020-10-24,88352,1350
Germany,2020-10-25,88572,1355
Germany,2020-10-26,88999,1355
Germany,2020-10-27,89349,1355
Germany,2020-10-28,89552,1363
Germany,2020-10-29,89793,1365
Germany,2020-10-30,90073,1374
Germany,2020-10-31,90189,1376
Germany,2020-11-01,90638,1384
Germany,2020-11-02,90927,1386
Germany,2020-11-03,91436,1394
Germany,2020-11-04,91803,1397
Germany,2020-11-05,92098,1401
Germany,2020-11-06,92431,1408
Germany,2020-11-07,92818,1410
Germany,2020-11-08,93255,1415
Germany,2020-11-09,93623,1422
Germany,2020-11-10,93811,1426
Germany,2020-11-11,94057,1427
Germany,2020-11-12,94391,1437
Germany,2020-11-13,94506,1441
Germany,2020-11-14,94870,1446
Germany,2020-11-15,95158,1448
Germany,2020-11-16,95481,1451
Germany,2020-11-17,95562,1458
Germany,2020-11-18,95957,1463
Germany,2020-11-19,96279,1470
Germany,2020-11-20,96601,1476
Germany,2020-11-21,96871,1483
Germany,2020-11-22,97203,1488
Germany,2020-11-23,97375,1493
Germany,2020-11-24,97591,1496
Germany,2020-11-25,97809,1498
Germany,2020-11-26,98321,1505
Germany,2020-11-27,98813,1507
Germany,2020-11-28,99120,1509
Germany,2020-11-29,99350,1512
Germany,2020-11-30,99773,1516
Germany,2020-12-01,100179,1522
Germany,2020-12-02,100709,1524
Germany,2020-12-03,101134,1531
Germany,2020-12-04,101336,1538
Germany,2020-12-05,101669,1542
Germany,2020-12-06,101886,1545
Germany,2020-12-07,102390,1550
Germany,2020-12-08,102768,1553
Germany,2020-12-09,102990,1560
Germany,2020-12-10,103155,1564
Germany,2020-12-11,103458,1569
Germany,2020-12-12,103740,1574
Germany,2020-12-13,104109,1580
Germany,2020-12-14,104310,1584
Germany,2020-12-15,104729,1590
Germany,2020-12-16,104891,1595
Germany,2020-12-17,104993,1600
Germany,2020-12-18,105482,1603
Germany,2020-12-19,105698,1609
Germany,2020-12-20,105843,1612
Germany,2020-12-21,106202,1615
Germany,2020-12-22,106478,1621
Germany,2020-12-23,106820,1626
Germany,2020-12-24,107086,1631
Germany,2020-12-25,107373,1636
Germany,2020-12-26,107623,1640
Germany,2020-12-27,107824,1644
Germany,2020-12-28,108042,1646
Germany,2020-12-29,108367,1651
Germany,2020-12-30,108745,1655
