Country,Date,Cases,Deaths
USA,2020-01-01,296,6
USA,2020-01-02,535,7
USA,2020-01-03,806,14
USA,2020-01-04,1152,23
USA,2020-01-05,1469,32
USA,2020-01-06,1786,37
USA,2020-01-07,1958,44
USA,2020-01-08,2207,47
USA,2020-01-09,2635,54
USA,2020-01-10,3048,58
USA,2020-01-11,3342,62
USA,2020-01-12,3720,70
USA,2020-01-13,4056,78
USA,2020-01-14,4445,82
USA,2020-01-15,4827,90
USA,2020-01-16,5326,97
USA,2020-01-17,5628,101
USA,2020-01-18,5985,109
USA,2020-01-19,6328,114
USA,2020-01-20,6633,118
USA,2020-01-21,6916,123
USA,2020-01-22,7387,127
USA,2020-01-23,7692,130
USA,2020-01-24,8063,137
USA,2020-01-25,8525,142
USA,2020-01-26,8882,146
USA,2020-01-27,9234,151
USA,2020-01-28,9539,156
USA,2020-01-29,9884,160
USA,2020-01-30,10159,168
USA,2020-01-31,10730,170
USA,2020-02-01,10904,173
USA,2020-02-02,11193,179
USA,2020-02-03,11552,184
USA,2020-02-04,11904,187
USA,2020-02-05,12179,191
USA,2020-02-06,12320,193
USA,2020-02-07,12507,199
USA,2020-02-08,12831,205
USA,2020-02-09,12947,207
USA,2020-02-10,13313,207
USA,2020-02-11,13735,208
USA,2020-02-12,14119,211
USA,2020-02-13,14523,222
USA,2020-02-14,14595,228
USA,2020-02-15,14714,233
USA,2020-02-16,14993,238
USA,2020-02-17,15201,244
USA,2020-02-18,15356,251
USA,2020-02-19,15615,253
USA,2020-02-20,16074,257
USA,2020-02-21,16564,264
USA,2020-02-22,16784,268
USA,2020-02-23,17096,276
USA,2020-02-24,17439,281
USA,2020-02-25,17719,285
USA,2020-02-26,18149,290
USA,2020-02-27,18409,293
USA,2020-02-28,18653,295
USA,2020-02-29,18877,302
USA,2020-03-01,19156,308
USA,2020-03-02,19208,314
USA,2020-03-03,19491,318
USA,2020-03-04,19809,322
USA,2020-03-05,19896,328
USA,2020-03-06,20220,332
USA,2020-03-07,20423,334
USA,2020-03-08,20745,342
USA,2020-03-09,21065,344
USA,2020-03-10,21387,348
USA,2020-03-11,21773,354
USA,2020-03-12,21774,360
USA,2020-03-13,21973,362
USA,2020-03-14,22254,367
USA,2020-03-15,22389,373
USA,2020-03-16,22765,378
USA,2020-03-17,22978,381
USA,2020-03-18,23380,382
USA,2020-03-19,23786,386
USA,2020-03-20,24076,387
USA,2020-03-21,24361,393
USA,2020-03-22,24527,398
USA,2020-03-23,24835,401
USA,2020-03-24,25220,401
USA,2020-03-25,25554,409
USA,2020-03-26,25997,414
USA,2020-03-27,26266,417
USA,2020-03-28,26535,423
USA,2020-03-29,26754,429
USA,2020-03-30,27267,433
USA,2020-03-31,27432,435
USA,2020-04-01,27809,439
USA,2020-04-02,28196,442
USA,2020-04-03,28579,446
USA,2020-04-04,28805,450
USA,2020-04-05,28985,458
USA,2020-04-06,29275,464
USA,2020-04-07,29521,466
USA,2020-04-08,29797,473
USA,2020-04-09,30044,476
USA,2020-04-10,30359,481
USA,2020-04-11,30823,486
USA,2020-04-12,31187,492
USA,2020-04-13,31371,495
USA,2020-04-14,31562,497
USA,2020-04-15,31941,502
USA,2020-04-16,32248,502
USA,2020-04-17,32753,505
USA,2020-04-18,33258,507
USA,2020-04-19,33476,507
USA,2020-04-20,33812,509
USA,2020-04-21,34004,511
USA,2020-04-22,34381,517
USA,2020-04-23,34862,520
USA,2020-04-24,35183,522
USA,2020-04-25,35449,525
USA,2020-04-26,35795,532
USA,2020-04-27,36194,535
USA,2020-04-28,36593,539
USA,2020-04-29,36860,542
USA,2020-04-30,37104,550
USA,2020-05-01,37434,555
USA,2020-05-02,37707,564
USA,2020-05-03,38137,567
USA,2020-05-04,38409,571
USA,2020-05-05,38723,574
USA,2020-05-06,39066,581
USA,2020-05-07,39234,583
USA,2020-05-08,39485,587
USA,2020-05-09,39984,594
USA,2020-05-10,40378,598
USA,2020-05-11,40649,600
USA,2020-05-12,41027,605
USA,2020-05-13,41455,609
USA,2020-05-14,41740,614
USA,2020-05-15,42129,616
USA,2020-05-16,42502,620
USA,2020-05-17,42696,620
USA,2020-05-18,42982,627
USA,2020-05-19,43449,632
USA,2020-05-20,43945,636
USA,2020-05-21,44340,640
USA,2020-05-22,44588,643
USA,2020-05-23,44681,650
USA,2020-05-24,44916,653
USA,2020-05-25,45098,657
USA,2020-05-26,45574,666
USA,2020-05-27,45707,670
USA,2020-05-28,45903,676
USA,2020-05-29,46231,679
USA,2020-05-30,46538,683
USA,2020-05-31,46999,689
USA,2020-06-01,47365,689
USA,2020-06-02,47658,698
USA,2020-06-03,48090,699
USA,2020-06-04,48358,701
USA,2020-06-05,48829,706
USA,2020-06-06,49052,711
USA,2020-06-07,49091,713
USA,2020-06-08,49394,719
USA,2020-06-09,49499,723
USA,2020-06-10,49899,725
USA,2020-06-11,50221,730
USA,2020-06-12,50692,734
USA,2020-06-13,50974,740
USA,2020-06-14,51141,744
USA,2020-06-15,51395,748
USA,2020-06-16,51779,754
USA,2020-06-17,52004,759
USA,2020-06-18,52453,762
USA,2020-06-19,52767,766
USA,2020-06-20,53060,767
USA,2020-06-21,53501,770
USA,2020-06-22,53903,773
USA,2020-06-23,54140,780
USA,2020-06-24,54539,785
USA,2020-06-25,54915,789
USA,2020-06-26,55214,792
USA,2020-06-27,55604,795
USA,2020-06-28,56052,799
USA,2020-06-29,56354,805
USA,2020-06-30,56656,809
USA,2020-07-01,56952,815
USA,2020-07-02,57185,819
USA,2020-07-03,57486,825
USA,2020-07-04,57776,833
USA,2020-07-05,58060,837
USA,2020-07-06,58342,839
USA,2020-07-07,58538,842
USA,2020-07-08,58951,846
USA,2020-07-09,59202,853
USA,2020-07-10,59657,860
USA,2020-07-11,59871,864
USA,2020-07-12,60352,869
USA,2020-07-13,60625,875
USA,2020-07-14,61025,878
USA,2020-07-15,61346,884
USA,2020-07-16,61529,889
USA,2020-07-17,61717,892
USA,2020-07-18,61960,897
USA,2020-07-19,62227,900
USA,2020-07-20,62532,902
USA,2020-07-21,62874,909
USA,2020-07-22,63166,913
USA,2020-07-23,63503,913
USA,2020-07-24,63856,924
USA,2020-07-25,64143,928
USA,2020-07-26,64517,936
USA,2020-07-27,64914,936
USA,2020-07-28,65270,946
USA,2020-07-29,65632,948
USA,2020-07-30,65960,950
USA,2020-07-31,66383,953
USA,2020-08-01,66690,956
USA,2020-08-02,66935,963
USA,2020-08-03,67245,966
USA,2020-08-04,67430,967
USA,2020-08-05,67604,972
USA,2020-08-06,68002,975
USA,2020-08-07,68459,978
USA,2020-08-08,68735,980
USA,2020-08-09,69134,989
USA,2020-08-10,69257,993
USA,2020-08-11,69683,995
USA,2020-08-12,70039,1002
USA,2020-08-13,70346,1008
USA,2020-08-14,70822,1016
USA,2020-08-15,71115,1019
USA,2020-08-16,71323,1025
USA,2020-08-17,71485,1029
USA,2020-08-18,71795,1032
USA,2020-08-19,72122,1042
USA,2020-08-20,72409,1046
USA,2020-08-21,72810,1051
USA,2020-08-22,73253,1056
USA,2020-08-23,73528,1057
USA,2020-08-24,73666,1058
USA,2020-08-25,74003,1060
USA,2020-08-26,74428,1065
USA,2020-08-27,74703,1068
USA,2020-08-28,75065,1071
USA,2020-08-29,75266,1078
USA,2020-08-30,75601,1082
USA,2020-08-31,75965,1087
USA,2020-09-01,76303,1090
USA,2020-09-02,76810,1093
USA,2020-09-03,77265,1097
USA,2020-09-04,77645,1103
USA,2020-09-05,78059,1106
USA,2020-09-06,78466,1114
USA,2020-09-07,78740,1119
USA,2020-09-08,78987,1123
USA,2020-09-09,79458,1125
USA,2020-09-10,79663,1133
USA,2020-09-11,80025,1142
USA,2020-09-12,80279,1147
USA,2020-09-13,80512,1152
USA,2020-09-14,80634,1158
USA,2020-09-15,80966,1162
USA,2020-09-16,81226,1165
USA,2020-09-17,81598,1167
USA,2020-09-18,81949,1176
USA,2020-09-19,82397,1177
USA,2020-09-20,82643,1182
USA,2020-09-21,82935,1184
USA,2020-09-22,83273,1188
USA,2020-09-23,83764,1192
USA,2020-09-24,84180,1194
USA,2020-09-25,84377,1200
USA,2020-09-26,84785,1203
USA,2020-09-27,85087,1205
USA,2020-09-28,85368,1211
USA,2020-09-29,85624,1215
USA,2020-09-30,85811,1218
USA,2020-10-01,86286,1223
USA,2020-10-02,86485,1227
USA,2020-10-03,86625,1229
USA,2020-10-04,87061,1233
USA,2020-10-05,87550,1237
USA,2020-10-06,87846,1243
USA,2020-10-07,87878,1248
USA,2020-10-08,88173,1255
USA,2020-10-09,88569,1257
USA,2020-10-10,88993,1261
USA,2020-10-11,89202,1266
USA,2020-10-12,89481,1274
USA,2020-10-13,89815,1279
USA,2020-10-14,90205,1286
USA,2020-10-15,90583,1293
USA,2020-10-16,90943,1298
USA,2020-10-17,91366,1302
USA,2020-10-18,91669,1310
USA,2020-10-19,92131,1314
USA,2020-10-20,92385,1321
USA,2020-10-21,92765,1326
USA,2020-10-22,93032,1331
USA,2020-10-23,93329,1334
USA,2020-10-24,93641,1339
USA,2020-10-25,93903,1345
USA,2020-10-26,94331,1351
USA,2020-10-27,94603,1357
USA,2020-10-28,94910,1359
USA,2020-10-29,95277,1364
USA,2020-10-30,95836,1371
USA,2020-10-31,96207,1376
USA,2020-11-01,96523,1378
USA,2020-11-02,96649,1381
USA,2020-11-03,96944,1381
USA,2020-11-04,97189,1385
USA,2020-11-05,97467,1388
USA,2020-11-06,97732,1396
USA,2020-11-07,98098,1399
USA,2020-11-08,98391,1403
USA,2020-11-09,98614,1406
USA,2020-11-10,99015,1410
USA,2020-11-11,99205,1414
USA,2020-11-12,99516,1415
USA,2020-11-13,99811,1421
USA,2020-11-14,100156,1430
USA,2020-11-15,100581,1437
USA,2020-11-16,101161,1443
USA,2020-11-17,101477,1449
USA,2020-11-18,101721,1454
USA,2020-11-19,101956,1459
USA,2020-11-20,102190,1462
USA,2020-11-21,102531,1466
USA,2020-11-22,102638,1468
USA,2020-11-23,102823,1471
USA,2020-11-24,103164,1476
USA,2020-11-25,103570,1482
USA,2020-11-26,103977,1488
USA,2020-11-27,104297,1495
USA,2020-11-28,104688,1500
USA,2020-11-29,105115,1500
USA,2020-11-30,105385,1504
USA,2020-12-01,105800,1512
USA,2020-12-02,105954,1519
USA,2020-12-03,106136,1521
USA,2020-12-04,106412,1525
USA,2020-12-05,106556,1531
USA,2020-12-06,106923,1538
USA,2020-12-07,107179,1542
USA,2020-12-08,107475,1550
USA,2020-12-09,107491,1553
USA,2020-12-10,107791,1555
USA,2020-12-11,108065,1559
USA,2020-12-12,108299,1564
USA,2020-12-13,108661,1568
USA,2020-12-14,108915,1572
USA,2020-12-15,109214,1573
USA,2020-12-16,109560,1577
USA,2020-12-17,109986,1583
USA,2020-12-18,110403,1585
USA,2020-12-19,110665,1587
USA,2020-12-20,110894,1594
USA,2020-12-21,111342,1596
USA,2020-12-22,111596,1600
USA,2020-12-23,111954,1601
USA,2020-12-24,112093,1606
USA,2020-12-25,112198,1610
USA,2020-12-26,112514,1615
USA,2020-12-27,112799,1619
USA,2020-12-28,113183,1624
USA,2020-12-29,113418,1629
USA,2020-12-30,113756,1637
India,2020-01-01,478,8
India,2020-01-02,716,11
India,2020-01-03,992,15
India,2020-01-04,1191,22
India,2020-01-05,1579,26
India,2020-01-06,1943,31
India,2020-01-07,2314,33
India,2020-01-08,2599,37
India,2020-01-09,2961,40
India,2020-01-10,3011,42
India,2020-01-11,3304,47
India,2020-01-12,3772,53
India,2020-01-13,4080,57
India,2020-01-14,4490,60
India,2020-01-15,4775,62
India,2020-01-16,5216,67
India,2020-01-17,5445,71
India,2020-01-18,5795,75
India,2020-01-19,6041,78
India,2020-01-20,6374,82
India,2020-01-21,6628,84
India,2020-01-22,6935,88
India,2020-01-23,7202,93
India,2020-01-24,7576,99
India,2020-01-25,7931,103
India,2020-01-26,8174,105
India,2020-01-27,8414,110
India,2020-01-28,8635,115
India,2020-01-29,8838,116
India,2020-01-30,9219,120
India,2020-01-31,9435,122
India,2020-02-01,9777,129
India,2020-02-02,10036,133
India,2020-02-03,10443,134
India,2020-02-04,10939,143
India,2020-02-05,10968,147
India,2020-02-06,11196,151
India,2020-02-07,11454,157
India,2020-02-08,11742,160
India,2020-02-09,12024,166
India,2020-02-10,12205,167
India,2020-02-11,12704,170
India,2020-02-12,12990,174
India,2020-02-13,13344,182
India,2020-02-14,13701,183
India,2020-02-15,13862,187
India,2020-02-16,14135,188
India,2020-02-17,14516,190
India,2020-02-18,14965,198
India,2020-02-19,15240,203
India,2020-02-20,15416,209
India,2020-02-21,15666,211
India,2020-02-22,15937,215
India,2020-02-23,16204,221
India,2020-02-24,16425,229
India,2020-02-25,16592,237
India,2020-02-26,16790,241
India,2020-02-27,17040,245
India,2020-02-28,17420,252
India,2020-02-29,17839,256
India,2020-03-01,18157,259
India,2020-03-02,18357,261
India,2020-03-03,18613,266
India,2020-03-04,18721,270
India,2020-03-05,19172,277
India,2020-03-06,19413,279
India,2020-03-07,19758,279
India,2020-03-08,20169,283
India,2020-03-09,20652,284
India,2020-03-10,21043,288
India,2020-03-11,21309,290
India,2020-03-12,21668,296
India,2020-03-13,22146,303
India,2020-03-14,22386,305
India,2020-03-15,22549,312
India,2020-03-16,22771,319
India,2020-03-17,23123,324
India,2020-03-18,23392,330
India,2020-03-19,23690,334
India,2020-03-20,24059,338
India,2020-03-21,24279,344
India,2020-03-22,24572,349
India,2020-03-23,24826,351
India,2020-03-24,25299,359
India,2020-03-25,25687,363
India,2020-03-26,25956,370
India,2020-03-27,26220,373
India,2020-03-28,26707,377
India,2020-03-29,27183,379
India,2020-03-30,27534,388
India,2020-03-31,27836,392
India,2020-04-01,28019,399
India,2020-04-02,28241,403
India,2020-04-03,28417,411
India,2020-04-04,28832,415
India,2020-04-05,29016,423
India,2020-04-06,29279,425
India,2020-04-07,29402,428
India,2020-04-08,29556,431
India,2020-04-09,29930,435
India,2020-04-10,30265,438
India,2020-04-11,30571,446
India,2020-04-12,30836,451
India,2020-04-13,30979,459
India,2020-04-14,31231,466
India,2020-04-15,31518,472
India,2020-04-16,31885,476
India,2020-04-17,32294,479
India,2020-04-18,32671,483
India,2020-04-19,33005,487
India,2020-04-20,33309,489
India,2020-04-21,33633,494
India,2020-04-22,33878,498
India,2020-04-23,34191,501
India,2020-04-24,34478,503
India,2020-04-25,35012,510
India,2020-04-26,35339,517
India,2020-04-27,35441,517
India,2020-04-28,35701,519
India,2020-04-29,35977,524
India,2020-04-30,36369,526
India,2020-05-01,36708,531
India,2020-05-02,37042,534
India,2020-05-03,37480,538
India,2020-05-04,37957,541
India,2020-05-05,38331,545
India,2020-05-06,38598,551
India,2020-05-07,38868,551
India,2020-05-08,38862,558
India,2020-05-09,39285,566
India,2020-05-10,39583,568
India,2020-05-11,39841,573
India,2020-05-12,40040,581
India,2020-05-13,40563,586
India,2020-05-14,40861,588
India,2020-05-15,41315,593
India,2020-05-16,41586,598
India,2020-05-17,41827,603
India,2020-05-18,41982,610
India,2020-05-19,42271,617
India,2020-05-20,42550,621
India,2020-05-21,42728,627
India,2020-05-22,42940,631
India,2020-05-23,43240,636
India,2020-05-24,43369,640
India,2020-05-25,43748,644
India,2020-05-26,44025,649
India,2020-05-27,44312,651
India,2020-05-28,44608,657
India,2020-05-29,44802,661
India,2020-05-30,44963,667
India,2020-05-31,45253,670
India,2020-06-01,45562,672
India,2020-06-02,45758,674
India,2020-06-03,45951,681
India,2020-06-04,46177,686
India,2020-06-05,46393,692
India,2020-06-06,46590,697
India,2020-06-07,46895,706
India,2020-06-08,47258,709
India,2020-06-09,47626,718
India,2020-06-10,47763,721
India,2020-06-11,48039,725
India,2020-06-12,48305,727
India,2020-06-13,48745,729
India,2020-06-14,49024,736
India,2020-06-15,49320,739
India,2020-06-16,49485,743
India,2020-06-17,49709,748
India,2020-06-18,49868,754
India,2020-06-19,50179,759
India,2020-06-20,50623,763
India,2020-06-21,50850,766
India,2020-06-22,51130,770
India,2020-06-23,51346,770
India,2020-06-24,51589,775
India,2020-06-25,51902,782
India,2020-06-26,52397,788
India,2020-06-27,52835,794
India,2020-06-28,53305,802
India,2020-06-29,53700,808
India,2020-06-30,53979,812
India,2020-07-01,54245,818
India,2020-07-02,54472,822
India,2020-07-03,54536,830
India,2020-07-04,54813,835
India,2020-07-05,55258,840
India,2020-07-06,55702,842
India,2020-07-07,56241,849
India,2020-07-08,56561,856
India,2020-07-09,56744,860
India,2020-07-10,57188,861
India,2020-07-11,57544,867
India,2020-07-12,58040,868
India,2020-07-13,58500,871
India,2020-07-14,58755,873
India,2020-07-15,58946,878
India,2020-07-16,59134,884
India,2020-07-17,59367,886
India,2020-07-18,59614,891
India,2020-07-19,59886,896
India,2020-07-20,60255,903
India,2020-07-21,60523,905
India,2020-07-22,60830,910
India,2020-07-23,60983,913
India,2020-07-24,61211,917
India,2020-07-25,61434,923
India,2020-07-26,61573,924
India,2020-07-27,61839,928
India,2020-07-28,61993,931
India,2020-07-29,62252,935
India,2020-07-30,62567,938
India,2020-07-31,63014,943
India,2020-08-01,63233,948
India,2020-08-02,63545,955
India,2020-08-03,63784,961
India,2020-08-04,64088,968
India,2020-08-05,64517,973
India,2020-08-06,64790,979
India,2020-08-07,65071,987
India,2020-08-08,65378,991
India,2020-08-09,65632,993
India,2020-08-10,65987,996
India,2020-08-11,66396,998
India,2020-08-12,66708,1005
India,2020-08-13,66792,1014
India,2020-08-14,67049,1019
India,2020-08-15,67406,1025
India,2020-08-16,67733,1031
India,2020-08-17,68084,1039
India,2020-08-18,68436,1047
India,2020-08-19,68826,1048
India,2020-08-20,69387,1051
India,2020-08-21,69836,1056
India,2020-08-22,70242,1059
India,2020-08-23,70604,1063
India,2020-08-24,71061,1068
India,2020-08-25,71454,1068
India,2020-08-26,71745,1073
India,2020-08-27,72067,1079
India,2020-08-28,72330,1084
India,2020-08-29,72748,1084
India,2020-08-30,73106,1088
India,2020-08-31,73314,1093
India,2020-09-01,73736,1100
India,2020-09-02,74022,1106
India,2020-09-03,74408,1110
India,2020-09-04,74638,1113
India,2020-09-05,75021,1117
India,2020-09-06,75216,1118
India,2020-09-07,75599,1121
India,2020-09-08,75932,1128
India,2020-09-09,76101,1132
India,2020-09-10,76383,1137
India,2020-09-11,76806,1139
India,2020-09-12,77162,1146
India,2020-09-13,77443,1150
India,2020-09-14,77784,1155
India,2020-09-15,78142,1161
India,2020-09-16,78343,1167
India,2020-09-17,78759,1172
India,2020-09-18,78909,1176
India,2020-09-19,79228,1178
India,2020-09-20,79491,1180
India,2020-09-21,79851,1185
India,2020-09-22,79986,1190
India,2020-09-23,80280,1196
India,2020-09-24,80540,1199
India,2020-09-25,80762,1202
India,2020-09-26,81063,1207
India,2020-09-27,81343,1211
India,2020-09-28,81607,1221
India,2020-09-29,81829,1224
India,2020-09-30,82458,1229
India,2020-10-01,82620,1235
India,2020-10-02,82828,1241
India,2020-10-03,83106,1245
India,2020-10-04,83566,1251
India,2020-10-05,83963,1256
India,2020-10-06,84218,1262
India,2020-10-07,84638,1267
India,2020-10-08,85118,1273
India,2020-10-09,85439,1278
India,2020-10-10,85752,1280
India,2020-10-11,86042,1285
India,2020-10-12,86300,1290
India,2020-10-13,86602,1296
India,2020-10-14,86968,1301
India,2020-10-15,87131,1309
India,2020-10-16,87416,1313
India,2020-10-17,87681,1317
India,2020-10-18,88135,1324
India,2020-10-19,88479,1328
India,2020-10-20,88840,1333
India,2020-10-21,89120,1338
India,2020-10-22,89375,1343
India,2020-10-23,89695,1349
India,2020-10-24,89933,1355
India,2020-10-25,90142,1358
India,2020-10-26,90389,1360
India,2020-10-27,90790,1363
India,2020-10-28,91020,1370
India,2020-10-29,91262,1374
India,2020-10-30,91460,1380
India,2020-10-31,91844,1386
India,2020-11-01,92197,1391
India,2020-11-02,92444,1394
India,2020-11-03,92872,1400
India,2020-11-04,93102,1405
India,2020-11-05,93371,1407
India,2020-11-06,93688,1411
India,2020-11-07,93892,1413
India,2020-11-08,94035,1417
India,2020-11-09,94326,1420
India,2020-11-10,94691,1424
India,2020-11-11,95048,1428
India,2020-11-12,95269,1433
India,2020-11-13,95442,1439
India,2020-11-14,95648,1445
India,2020-11-15,95914,1452
India,2020-11-16,96101,1455
India,2020-11-17,96439,1462
India,2020-11-18,96905,1467
India,2020-11-19,97388,1471
India,2020-11-20,97797,1474
India,2020-11-21,98139,1474
India,2020-11-22,98326,1479
India,2020-11-23,98494,1484
India,2020-11-24,98884,1487
India,2020-11-25,99087,1491
India,2020-11-26,99290,1495
India,2020-11-27,99600,1499
India,2020-11-28,100067,1502
India,2020-11-29,100506,1504
India,2020-11-30,100813,1511
India,2020-12-01,101226,1515
India,2020-12-02,101581,1520
India,2020-12-03,101827,1526
India,2020-12-04,102313,1531
India,2020-12-05,102669,1537
India,2020-12-06,102822,1542
India,2020-12-07,103020,1545
India,2020-12-08,103536,1549
India,2020-12-09,103761,1556
India,2020-12-10,103966,1560
India,2020-12-11,104390,1565
India,2020-12-12,104533,1571
India,2020-12-13,104793,1579
India,2020-12-14,105032,1586
India,2020-12-15,105509,1589
India,2020-12-16,105789,1594
India,2020-12-17,106003,1599
India,2020-12-18,106280,1603
India,2020-12-19,106584,1608
India,2020-12-20,106900,1611
India,2020-12-21,107144,1615
India,2020-12-22,107439,1619
India,2020-12-23,107771,1620
India,2020-12-24,107997,1624
India,2020-12-25,108211,1632
India,2020-12-26,108512,1637
India,2020-12-27,108763,1641
India,2020-12-28,108941,1645
India,2020-12-29,109147,1649
India,2020-12-30,109191,1651
Brazil,2020-01-01,546,7
Brazil,2020-01-02,977,14
Brazil,2020-01-03,1344,18
Brazil,2020-01-04,1540,25
Brazil,2020-01-05,1846,34
Brazil,2020-01-06,2109,42
Brazil,2020-01-07,2393,49
Brazil,2020-01-08,2862,51
Brazil,2020-01-09,3113,53
Brazil,2020-01-10,3290,59
Brazil,2020-01-11,3570,64
Brazil,2020-01-12,3925,65
Brazil,2020-01-13,4353,69
Brazil,2020-01-14,4706,75
Brazil,2020-01-15,5143,79
Brazil,2020-01-16,5230,84
Brazil,2020-01-17,5550,86
Brazil,2020-01-18,5864,90
Brazil,2020-01-19,6029,96
Brazil,2020-01-20,6272,100
Brazil,2020-01-21,6525,107
Brazil,2020-01-22,6820,112
Brazil,2020-01-23,7075,117
Brazil,2020-01-24,7509,123
Brazil,2020-01-25,7877,129
Brazil,2020-01-26,8038,132
Brazil,2020-01-27,8317,135
Brazil,2020-01-28,8510,136
Brazil,2020-01-29,8675,140
Brazil,2020-01-30,8968,143
Brazil,2020-01-31,9275,147
Brazil,2020-02-01,9684,151
Brazil,2020-02-02,10053,156
Brazil,2020-02-03,10212,160
Brazil,2020-02-04,10388,164
Brazil,2020-02-05,10613,169
Brazil,2020-02-06,10778,174
Brazil,2020-02-07,11135,180
Brazil,2020-02-08,11358,185
Brazil,2020-02-09,11676,193
Brazil,2020-02-10,11827,196
Brazil,2020-02-11,12407,200
Brazil,2020-02-12,12517,203
Brazil,2020-02-13,12540,208
Brazil,2020-02-14,12920,211
Brazil,2020-02-15,13172,217
Brazil,2020-02-16,13296,219
Brazil,2020-02-17,13573,222
Brazil,2020-02-18,13843,224
Brazil,2020-02-19,14164,228
Brazil,2020-02-20,14518,233
Brazil,2020-02-21,14838,235
Brazil,2020-02-22,15187,239
Brazil,2020-02-23,15470,246
Brazil,2020-02-24,15698,253
Brazil,2020-02-25,16142,259
Brazil,2020-02-26,16343,259
Brazil,2020-02-27,16750,264
Brazil,2020-02-28,16975,271
Brazil,2020-02-29,17188,275
Brazil,2020-03-01,17540,277
Brazil,2020-03-02,17829,284
Brazil,2020-03-03,18150,291
Brazil,2020-03-04,18563,296
Brazil,2020-03-05,18629,298
Brazil,2020-03-06,19005,299
Brazil,2020-03-07,19272,304
Brazil,2020-03-08,19718,307
Brazil,2020-03-09,19953,311
Brazil,2020-03-10,20288,315
Brazil,2020-03-11,20692,318
Brazil,2020-03-12,21004,323
Brazil,2020-03-13,21263,329
Brazil,2020-03-14,21577,335
Brazil,2020-03-15,21896,340
Brazil,2020-03-16,22132,343
Brazil,2020-03-17,22554,349
Brazil,2020-03-18,22751,354
Brazil,2020-03-19,22813,357
Brazil,2020-03-20,23209,361
Brazil,2020-03-21,23520,360
Brazil,2020-03-22,23780,365
Brazil,2020-03-23,24126,371
Brazil,2020-03-24,24404,375
Brazil,2020-03-25,24570,379
Brazil,2020-03-26,24743,380
Brazil,2020-03-27,24934,388
Brazil,2020-03-28,25206,393
Brazil,2020-03-29,25454,394
Brazil,2020-03-30,25847,394
Brazil,2020-03-31,26091,398
Brazil,2020-04-01,26414,401
Brazil,2020-04-02,26530,404
Brazil,2020-04-03,26755,407
Brazil,2020-04-04,27152,409
Brazil,2020-04-05,27482,414
Brazil,2020-04-06,27878,418
Brazil,2020-04-07,28257,422
Brazil,2020-04-08,28600,423
Brazil,2020-04-09,28636,428
Brazil,2020-04-10,28979,433
Brazil,2020-04-11,29226,440
Brazil,2020-04-12,29480,445
Brazil,2020-04-13,29839,453
Brazil,2020-04-14,30107,456
Brazil,2020-04-15,30257,464
Brazil,2020-04-16,30599,469
Brazil,2020-04-17,31210,474
Brazil,2020-04-18,31379,478
Brazil,2020-04-19,31581,482
Brazil,2020-04-20,31840,485
Brazil,2020-04-21,32000,493
Brazil,2020-04-22,32329,497
Brazil,2020-04-23,32704,502
Brazil,2020-04-24,33031,508
Brazil,2020-04-25,33344,514
Brazil,2020-04-26,33719,519
Brazil,2020-04-27,33996,527
Brazil,2020-04-28,34248,532
Brazil,2020-04-29,34589,535
Brazil,2020-04-30,34808,539
Brazil,2020-05-01,35058,541
Brazil,2020-05-02,35292,546
Brazil,2020-05-03,35718,552
Brazil,2020-05-04,35758,558
Brazil,2020-05-05,36002,563
Brazil,2020-05-06,36300,567
Brazil,2020-05-07,36589,571
Brazil,2020-05-08,37023,575
Brazil,2020-05-09,37431,581
Brazil,2020-05-10,37797,582
Brazil,2020-05-11,38208,586
Brazil,2020-05-12,38579,589
Brazil,2020-05-13,38760,597
Brazil,2020-05-14,38964,604
Brazil,2020-05-15,39275,608
Brazil,2020-05-16,39570,610
Brazil,2020-05-17,39868,612
Brazil,2020-05-18,40128,618
Brazil,2020-05-19,40453,620
Brazil,2020-05-20,40838,624
Brazil,2020-05-21,41083,630
Brazil,2020-05-22,41366,632
Brazil,2020-05-23,41850,636
Brazil,2020-05-24,42141,640
Brazil,2020-05-25,42558,643
Brazil,2020-05-26,42703,646
Brazil,2020-05-27,43135,652
Brazil,2020-05-28,43409,659
Brazil,2020-05-29,43783,663
Brazil,2020-05-30,44066,668
Brazil,2020-05-31,44282,673
Brazil,2020-06-01,44612,674
Brazil,2020-06-02,44893,678
Brazil,2020-06-03,45295,679
Brazil,2020-06-04,45556,683
Brazil,2020-06-05,45952,687
Brazil,2020-06-06,46431,693
Brazil,2020-06-07,46689,698
Brazil,2020-06-08,46953,704
Brazil,2020-06-09,47119,707
Brazil,2020-06-10,47464,714
Brazil,2020-06-11,47543,721
Brazil,2020-06-12,47828,722
Brazil,2020-06-13,47828,723
Brazil,2020-06-14,48126,727
Brazil,2020-06-15,48489,730
Brazil,2020-06-16,48678,734
Brazil,2020-06-17,48981,739
Brazil,2020-06-18,49202,745
Brazil,2020-06-19,49439,748
Brazil,2020-06-20,49684,755
Brazil,2020-06-21,49970,758
Brazil,2020-06-22,50362,767
Brazil,2020-06-23,50682,774
Brazil,2020-06-24,51085,777
Brazil,2020-06-25,51387,779
Brazil,2020-06-26,51666,782
Brazil,2020-06-27,51925,785
Brazil,2020-06-28,52196,791
Brazil,2020-06-29,52484,792
Brazil,2020-06-30,52709,793
Brazil,2020-07-01,53033,799
Brazil,2020-07-02,53358,802
Brazil,2020-07-03,53682,806
Brazil,2020-07-04,53868,812
Brazil,2020-07-05,54249,818
Brazil,2020-07-06,54488,825
Brazil,2020-07-07,54738,831
Brazil,2020-07-08,54986,835
Brazil,2020-07-09,55043,839
Brazil,2020-07-10,55352,843
Brazil,2020-07-11,55827,845
Brazil,2020-07-12,56070,848
Brazil,2020-07-13,56313,855
Brazil,2020-07-14,56760,858
Brazil,2020-07-15,56987,860
Brazil,2020-07-16,57417,867
Brazil,2020-07-17,57706,869
Brazil,2020-07-18,57875,874
Brazil,2020-07-19,58229,874
Brazil,2020-07-20,58496,882
Brazil,2020-07-21,58774,889
Brazil,2020-07-22,59138,891
Brazil,2020-07-23,59408,895
Brazil,2020-07-24,59612,898
Brazil,2020-07-25,60062,901
Brazil,2020-07-26,60469,905
Brazil,2020-07-27,60766,911
Brazil,2020-07-28,61006,917
Brazil,2020-07-29,61101,922
Brazil,2020-07-30,61154,926
Brazil,2020-07-31,61539,932
Brazil,2020-08-01,61709,934
Brazil,2020-08-02,61940,939
Brazil,2020-08-03,62036,943
Brazil,2020-08-04,62367,947
Brazil,2020-08-05,62719,952
Brazil,2020-08-06,62964,953
Brazil,2020-08-07,63277,956
Brazil,2020-08-08,63519,961
Brazil,2020-08-09,63960,965
Brazil,2020-08-10,64315,967
Brazil,2020-08-11,64639,971
Brazil,2020-08-12,65061,974
Brazil,2020-08-13,65336,981
Brazil,2020-08-14,65626,983
Brazil,2020-08-15,66181,985
Brazil,2020-08-16,66474,990
Brazil,2020-08-17,66800,994
Brazil,2020-08-18,67081,998
Brazil,2020-08-19,67269,1007
Brazil,2020-08-20,67547,1013
Brazil,2020-08-21,67813,1017
Brazil,2020-08-22,68067,1018
Brazil,2020-08-23,68350,1022
Brazil,2020-08-24,68767,1024
Brazil,2020-08-25,69009,1027
Brazil,2020-08-26,69453,1030
Brazil,2020-08-27,69809,1036
Brazil,2020-08-28,70094,1038
Brazil,2020-08-29,70257,1044
Brazil,2020-08-30,70430,1049
Brazil,2020-08-31,70741,1054
Brazil,2020-09-01,71088,1057
Brazil,2020-09-02,71290,1063
Brazil,2020-09-03,71527,1063
Brazil,2020-09-04,71891,1065
Brazil,2020-09-05,72237,1072
Brazil,2020-09-06,72538,1078
Brazil,2020-09-07,72853,1086
Brazil,2020-09-08,73046,1090
Brazil,2020-09-09,73413,1094
Brazil,2020-09-10,73828,1098
Brazil,2020-09-11,74334,1107
Brazil,2020-09-12,74662,1113
Brazil,2020-09-13,75081,1115
Brazil,2020-09-14,75249,1122
Brazil,2020-09-15,75576,1126
Brazil,2020-09-16,75877,1126
Brazil,2020-09-17,76157,1129
Brazil,2020-09-18,76548,1135
Brazil,2020-09-19,76905,1140
Brazil,2020-09-20,77055,1146
Brazil,2020-09-21,77417,1153
Brazil,2020-09-22,77928,1154
Brazil,2020-09-23,78189,1157
Brazil,2020-09-24,78506,1162
Brazil,2020-09-25,78782,1169
Brazil,2020-09-26,78971,1171
Brazil,2020-09-27,79168,1175
Brazil,2020-09-28,79345,1179
Brazil,2020-09-29,79628,1182
Brazil,2020-09-30,80015,1186
Brazil,2020-10-01,80421,1190
Brazil,2020-10-02,80718,1193
Brazil,2020-10-03,81017,1199
Brazil,2020-10-04,81275,1205
Brazil,2020-10-05,81493,1211
Brazil,2020-10-06,81735,1217
Brazil,2020-10-07,82041,1225
Brazil,2020-10-08,82225,1227
Brazil,2020-10-09,82463,1229
Brazil,2020-10-10,82624,1235
Brazil,2020-10-11,82923,1239
Brazil,2020-10-12,83184,1242
Brazil,2020-10-13,83649,1245
Brazil,2020-10-14,83816,1251
Brazil,2020-10-15,84094,1260
Brazil,2020-10-16,84341,1266
Brazil,2020-10-17,84749,1269
Brazil,2020-10-18,84974,1275
Brazil,2020-10-19,85331,1277
Brazil,2020-10-20,85518,1277
Brazil,2020-10-21,85877,1281
Brazil,2020-10-22,86160,1282
Brazil,2020-10-23,86350,1286
Brazil,2020-10-24,86582,1291
Brazil,2020-10-25,86940,1300
Brazil,2020-10-26,87237,1307
Brazil,2020-10-27,87454,1308
Brazil,2020-10-28,87718,1309
Brazil,2020-10-29,88019,1312
Brazil,2020-10-30,88123,1320
Brazil,2020-10-31,88369,1321
Brazil,2020-11-01,88758,1324
Brazil,2020-11-02,89167,1327
Brazil,2020-11-03,89412,1332
Brazil,2020-11-04,89771,1338
Brazil,2020-11-05,90062,1344
Brazil,2020-11-06,90436,1349
Brazil,2020-11-07,90721,1351
Brazil,2020-11-08,91080,1356
Brazil,2020-11-09,91338,1363
Brazil,2020-11-10,91495,1371
Brazil,2020-11-11,91792,1376
Brazil,2020-11-12,92052,1377
Brazil,2020-11-13,92338,1382
Brazil,2020-11-14,92705,1386
Brazil,2020-11-15,92785,1387
Brazil,2020-11-16,93290,1389
Brazil,2020-11-17,93732,1392
Brazil,2020-11-18,94013,1398
Brazil,2020-11-19,94230,1406
Brazil,2020-11-20,94537,1411
Brazil,2020-11-21,94810,1417
Brazil,2020-11-22,95267,1421
Brazil,2020-11-23,95739,1424
Brazil,2020-11-24,96115,1429
Brazil,2020-11-25,96308,1434
Brazil,2020-11-26,96608,1437
Brazil,2020-11-27,96943,1442
Brazil,2020-11-28,97235,1446
Brazil,2020-11-29,97525,1450
Brazil,2020-11-30,97838,1453
Brazil,2020-12-01,98403,1455
Brazil,2020-12-02,98644,1458
Brazil,2020-12-03,99148,1460
Brazil,2020-12-04,99490,1465
Brazil,2020-12-05,99823,1472
Brazil,2020-12-06,100244,1476
Brazil,2020-12-07,100563,1477
Brazil,2020-12-08,100872,1480
Brazil,2020-12-09,101153,1481
Brazil,2020-12-10,101493,1482
Brazil,2020-12-11,101807,1484
Brazil,2020-12-12,102022,1491
Brazil,2020-12-13,102380,1498
Brazil,2020-12-14,102835,1501
Brazil,2020-12-15,103284,1503
Brazil,2020-12-16,103658,1507
Brazil,2020-12-17,103864,1513
Brazil,2020-12-18,104258,1519
Brazil,2020-12-19,104579,1524
Brazil,2020-12-20,104931,1529
Brazil,2020-12-21,105285,1534
Brazil,2020-12-22,105669,1535
Brazil,2020-12-23,105955,1537
Brazil,2020-12-24,106282,1545
Brazil,2020-12-25,106534,1550
Brazil,2020-12-26,106909,1550
Brazil,2020-12-27,107156,1555
Brazil,2020-12-28,107166,1558
Brazil,2020-12-29,107576,1565
Brazil,2020-12-30,107913,1571
UK,2020-01-01,421,7
UK,2020-01-02,689,12
UK,2020-01-03,925,19
UK,2020-01-04,1377,26
UK,2020-01-05,1636,29
UK,2020-01-06,2063,35
UK,2020-01-07,2395,38
UK,2020-01-08,2737,40
UK,2020-01-09,3100,47
UK,2020-01-10,3563,53
UK,2020-01-11,3724,58
UK,2020-01-12,4237,61
UK,2020-01-13,4531,68
UK,2020-01-14,4892,77
UK,2020-01-15,5118,80
UK,2020-01-16,5540,82
UK,2020-01-17,5820,86
UK,2020-01-18,6223,92
UK,2020-01-19,6568,96
UK,2020-01-20,6989,109
UK,2020-01-21,7358,114
UK,2020-01-22,7528,117
UK,2020-01-23,7806,120
UK,2020-01-24,8104,128
UK,2020-01-25,8528,132
UK,2020-01-26,8707,139
UK,2020-01-27,9002,140
UK,2020-01-28,9373,147
UK,2020-01-29,9430,150
UK,2020-01-30,9718,156
UK,2020-01-31,9966,159
UK,2020-02-01,10338,163
UK,2020-02-02,10692,165
UK,2020-02-03,10856,171
UK,2020-02-04,11181,177
UK,2020-02-05,11427,180
UK,2020-02-06,11863,181
UK,2020-02-07,12288,188
UK,2020-02-08,12674,191
UK,2020-02-09,12892,195
UK,2020-02-10,13062,198
UK,2020-02-11,13426,204
UK,2020-02-12,13621,210
UK,2020-02-13,13966,218
UK,2020-02-14,14322,225
UK,2020-02-15,14669,231
UK,2020-02-16,14840,235
UK,2020-02-17,15136,239
UK,2020-02-18,15480,245
UK,2020-02-19,15819,249
UK,2020-02-20,16045,256
UK,2020-02-21,16379,258
UK,2020-02-22,16659,259
UK,2020-02-23,16962,263
UK,2020-02-24,17204,271
UK,2020-02-25,17388,277
UK,2020-02-26,17906,284
UK,2020-02-27,18202,286
UK,2020-02-28,18365,290
UK,2020-02-29,18596,293
UK,2020-03-01,18863,297
UK,2020-03-02,19211,299
UK,2020-03-03,19442,303
UK,2020-03-04,19722,311
UK,2020-03-05,20045,312
UK,2020-03-06,20386,318
UK,2020-03-07,20673,320
UK,2020-03-08,21148,322
UK,2020-03-09,21514,327
UK,2020-03-10,21874,335
UK,2020-03-11,22230,338
UK,2020-03-12,22640,341
UK,2020-03-13,22956,343
UK,2020-03-14,23152,348
UK,2020-03-15,23488,349
UK,2020-03-16,23837,352
UK,2020-03-17,24264,356
UK,2020-03-18,24451,361
UK,2020-03-19,24659,368
UK,2020-03-20,24959,372
UK,2020-03-21,25318,374
UK,2020-03-22,25489,379
UK,2020-03-23,25679,381
UK,2020-03-24,26062,387
UK,2020-03-25,26236,390
UK,2020-03-26,26445,398
UK,2020-03-27,26835,402
UK,2020-03-28,27192,404
UK,2020-03-29,27424,409
UK,2020-03-30,27769,413
UK,2020-03-31,28093,418
UK,2020-04-01,28376,422
UK,2020-04-02,28633,427
UK,2020-04-03,28974,432
UK,2020-04-04,29156,435
UK,2020-04-05,29495,442
UK,2020-04-06,29810,446
UK,2020-04-07,30132,448
UK,2020-04-08,30562,453
UK,2020-04-09,30795,457
UK,2020-04-10,31042,464
UK,2020-04-11,31321,469
UK,2020-04-12,31678,472
UK,2020-04-13,31997,477
UK,2020-04-14,32141,482
UK,2020-04-15,32436,487
UK,2020-04-16,32739,492
UK,2020-04-17,33172,494
UK,2020-04-18,33437,500
UK,2020-04-19,33785,505
UK,2020-04-20,34360,511
UK,2020-04-21,34773,515
UK,2020-04-22,34973,519
UK,2020-04-23,35344,524
UK,2020-04-24,35684,528
UK,2020-04-25,35946,532
UK,2020-04-26,36318,538
UK,2020-04-27,36517,544
UK,2020-04-28,36751,549
UK,2020-04-29,37031,557
UK,2020-04-30,37289,562
UK,2020-05-01,37649,565
UK,2020-05-02,37941,569
UK,2020-05-03,38189,573
UK,2020-05-04,38600,576
UK,2020-05-05,38956,581
UK,2020-05-06,39116,587
UK,2020-05-07,39274,593
UK,2020-05-08,39523,598
UK,2020-05-09,39693,603
UK,2020-05-10,40085,606
UK,2020-05-11,40324,611
UK,2020-05-12,40671,611
UK,2020-05-13,41172,617
UK,2020-05-14,41541,621
UK,2020-05-15,41655,627
UK,2020-05-16,41898,633
UK,2020-05-17,42176,638
UK,2020-05-18,42398,644
UK,2020-05-19,42579,653
UK,2020-05-20,43102,661
UK,2020-05-21,43529,665
UK,2020-05-22,43945,669
UK,2020-05-23,44089,677
UK,2020-05-24,44501,681
UK,2020-05-25,44678,684
UK,2020-05-26,44795,690
UK,2020-05-27,44934,695
UK,2020-05-28,45149,697
UK,2020-05-29,45472,701
UK,2020-05-30,45855,703
UK,2020-05-31,46079,703
UK,2020-06-01,46160,711
UK,2020-06-02,46668,716
UK,2020-06-03,46885,720
UK,2020-06-04,47272,723
UK,2020-06-05,47595,727
UK,2020-06-06,47838,730
UK,2020-06-07,48167,733
UK,2020-06-08,48512,737
UK,2020-06-09,48824,744
UK,2020-06-10,49107,750
UK,2020-06-11,49227,754
UK,2020-06-12,49529,762
UK,2020-06-13,49633,766
UK,2020-06-14,50078,769
UK,2020-06-15,50356,774
UK,2020-06-16,50674,782
UK,2020-06-17,51018,789
UK,2020-06-18,51281,792
UK,2020-06-19,51558,794
UK,2020-06-20,51906,798
UK,2020-06-21,52138,803
UK,2020-06-22,52323,809
UK,2020-06-23,52575,816
UK,2020-06-24,52835,822
UK,2020-06-25,53152,828
UK,2020-06-26,53462,829
UK,2020-06-27,53862,833
UK,2020-06-28,54240,839
UK,2020-06-29,54462,842
UK,2020-06-30,54827,846
UK,2020-07-01,55220,850
UK,2020-07-02,55622,855
UK,2020-07-03,55950,859
UK,2020-07-04,56273,866
UK,2020-07-05,56567,872
UK,2020-07-06,56871,877
UK,2020-07-07,57343,884
UK,2020-07-08,57650,889
UK,2020-07-09,57879,893
UK,2020-07-10,58209,899
UK,2020-07-11,58583,901
UK,2020-07-12,58980,905
UK,2020-07-13,59181,912
UK,2020-07-14,59627,917
UK,2020-07-15,59997,923
UK,2020-07-16,60436,929
UK,2020-07-17,60603,938
UK,2020-07-18,61009,941
UK,2020-07-19,61206,947
UK,2020-07-20,61478,952
UK,2020-07-21,61852,955
UK,2020-07-22,62040,960
UK,2020-07-23,62286,965
UK,2020-07-24,62451,969
UK,2020-07-25,62822,975
UK,2020-07-26,63043,977
UK,2020-07-27,63344,983
UK,2020-07-28,63684,986
UK,2020-07-29,64013,994
UK,2020-07-30,64333,995
UK,2020-07-31,64653,1004
UK,2020-08-01,64824,1009
UK,2020-08-02,65101,1014
UK,2020-08-03,65420,1021
UK,2020-08-04,65728,1028
UK,2020-08-05,66016,1032
UK,2020-08-06,66249,1033
UK,2020-08-07,66576,1042
UK,2020-08-08,66921,1048
UK,2020-08-09,67179,1052
UK,2020-08-10,67577,1061
UK,2020-08-11,68025,1067
UK,2020-08-12,68328,1072
UK,2020-08-13,68552,1074
UK,2020-08-14,68739,1079
UK,2020-08-15,69009,1081
UK,2020-08-16,69305,1085
UK,2020-08-17,69487,1089
UK,2020-08-18,69754,1092
UK,2020-08-19,70146,1093
UK,2020-08-20,70247,1098
UK,2020-08-21,70556,1103
UK,2020-08-22,70802,1106
UK,2020-08-23,71101,1110
UK,2020-08-24,71556,1114
UK,2020-08-25,71850,1123
UK,2020-08-26,72130,1129
UK,2020-08-27,72494,1135
UK,2020-08-28,72822,1140
UK,2020-08-29,73132,1143
UK,2020-08-30,73464,1152
UK,2020-08-31,73885,1157
UK,2020-09-01,74270,1160
UK,2020-09-02,74543,1166
UK,2020-09-03,74991,1169
UK,2020-09-04,75242,1178
UK,2020-09-05,75551,1186
UK,2020-09-06,75871,1191
UK,2020-09-07,76140,1197
UK,2020-09-08,76575,1199
UK,2020-09-09,76839,1205
UK,2020-09-10,77126,1209
UK,2020-09-11,77526,1216
UK,2020-09-12,77781,1221
UK,2020-09-13,77960,1224
UK,2020-09-14,78272,1229
UK,2020-09-15,78475,1232
UK,2020-09-16,78668,1237
UK,2020-09-17,78771,1239
UK,2020-09-18,78884,1244
UK,2020-09-19,79003,1249
UK,2020-09-20,79466,1257
UK,2020-09-21,79585,1262
UK,2020-09-22,79786,1264
UK,2020-09-23,80074,1271
UK,2020-09-24,80433,1274
UK,2020-09-25,80803,1274
UK,2020-09-26,81027,1277
UK,2020-09-27,81334,1281
UK,2020-09-28,81619,1285
UK,2020-09-29,81921,1291
UK,2020-09-30,82235,1295
UK,2020-10-01,82575,1301
UK,2020-10-02,82819,1305
UK,2020-10-03,83235,1307
UK,2020-10-04,83715,1309
UK,2020-10-05,83980,1312
UK,2020-10-06,84498,1315
UK,2020-10-07,84747,1319
UK,2020-10-08,85056,1323
UK,2020-10-09,85342,1321
UK,2020-10-10,85647,1326
UK,2020-10-11,86050,1333
UK,2020-10-12,86331,1339
UK,2020-10-13,86520,1345
UK,2020-10-14,86762,1347
UK,2020-10-15,87043,1354
UK,2020-10-16,87361,1361
UK,2020-10-17,87586,1368
UK,2020-10-18,87820,1373
UK,2020-10-19,88141,1379
UK,2020-10-20,88466,1382
UK,2020-10-21,88854,1390
UK,2020-10-22,89095,1391
UK,2020-10-23,89444,1395
UK,2020-10-24,89730,1401
UK,2020-10-25,89984,1405
UK,2020-10-26,90273,1412
UK,2020-10-27,90576,1414
UK,2020-10-28,90756,1419
UK,2020-10-29,90943,1420
UK,2020-10-30,91306,1426
UK,2020-10-31,91569,1431
UK,2020-11-01,91887,1437
UK,2020-11-02,92247,1437
UK,2020-11-03,92522,1443
UK,2020-11-04,92780,1448
UK,2020-11-05,93155,1453
UK,2020-11-06,93605,1460
UK,2020-11-07,93893,1464
UK,2020-11-08,93907,1468
UK,2020-11-09,94071,1473
UK,2020-11-10,94386,1479
UK,2020-11-11,94825,1483
UK,2020-11-12,95353,1488
UK,2020-11-13,95521,1491
UK,2020-11-14,95783,1497
UK,2020-11-15,95988,1501
UK,2020-11-16,96271,1505
UK,2020-11-17,96652,1511
UK,2020-11-18,97068,1515
UK,2020-11-19,97488,1517
UK,2020-11-20,97649,1519
UK,2020-11-21,97949,1526
UK,2020-11-22,98188,1530
UK,2020-11-23,98466,1536
UK,2020-11-24,98718,1539
UK,2020-11-25,98883,1542
UK,2020-11-26,99300,1547
UK,2020-11-27,99526,1554
UK,2020-11-28,99767,1561
UK,2020-11-29,100207,1566
UK,2020-11-30,100357,1575
UK,2020-12-01,100695,1579
UK,2020-12-02,101090,1585
UK,2020-12-03,101521,1588
UK,2020-12-04,101852,1590
UK,2020-12-05,102218,1594
UK,2020-12-06,102546,1598
UK,2020-12-07,102820,1601
UK,2020-12-08,103199,1608
UK,2020-12-09,103443,1614
UK,2020-12-10,103786,1619
UK,2020-12-11,103933,1621
UK,2020-12-12,104154,1621
UK,2020-12-13,104594,1626
UK,2020-12-14,104891,1626
UK,2020-12-15,105008,1630
UK,2020-12-16,105505,1633
UK,2020-12-17,105891,1637
UK,2020-12-18,106196,1644
UK,2020-12-19,106461,1647
UK,2020-12-20,106902,1652
UK,2020-12-21,107311,1655
UK,2020-12-22,107751,1660
UK,2020-12-23,108094,1665
UK,2020-12-24,108343,1669
UK,2020-12-25,108598,1675
UK,2020-12-26,108877,1677
UK,2020-12-27,109009,1678
UK,2020-12-28,109370,1680
UK,2020-12-29,109700,1685
UK,2020-12-30,109993,1690
Germany,2020-01-01,415,1
Germany,2020-01-02,682,6
Germany,2020-01-03,1146,14
Germany,2020-01-04,1309,18
Germany,2020-01-05,1452,26
Germany,2020-01-06,1853,31
Germany,2020-01-07,2169,38
Germany,2020-01-08,2590,45
Germany,2020-01-09,2935,49
Germany,2020-01-10,3311,55
Germany,2020-01-11,3591,59
Germany,2020-01-12,4004,67
Germany,2020-01-13,4229,71
Germany,2020-01-14,4564,76
Germany,2020-01-15,4811,84
Germany,2020-01-16,5153,90
Germany,2020-01-17,5628,94
Germany,2020-01-18,5919,96
Germany,2020-01-19,6201,98
Germany,2020-01-20,6575,103
Germany,2020-01-21,6847,107
Germany,2020-01-22,7223,109
Germany,2020-01-23,7543,115
Germany,2020-01-24,7664,121
Germany,2020-01-25,7796,125
Germany,2020-01-26,7979,132
Germany,2020-01-27,8163,133
Germany,2020-01-28,8476,137
Germany,2020-01-29,8625,143
Germany,2020-01-30,8725,145
Germany,2020-01-31,8967,151
Germany,2020-02-01,9396,158
Germany,2020-02-02,9680,158
Germany,2020-02-03,10019,165
Germany,2020-02-04,10442,170
Germany,2020-02-05,10623,173
Germany,2020-02-06,11116,175
Germany,2020-02-07,11301,181
Germany,2020-02-08,11557,183
Germany,2020-02-09,12009,188
Germany,2020-02-10,12270,190
Germany,2020-02-11,12774,194
Germany,2020-02-12,13213,200
Germany,2020-02-13,13460,203
Germany,2020-02-14,13904,210
Germany,2020-02-15,14016,216
Germany,2020-02-16,14303,218
Germany,2020-02-17,14629,220
Germany,2020-02-18,14882,223
Germany,2020-02-19,15132,227
Germany,2020-02-20,15330,235
Germany,2020-02-21,15679,243
Germany,2020-02-22,15962,246
Germany,2020-02-23,16437,249
Germany,2020-02-24,16719,255
Germany,2020-02-25,16895,261
Germany,2020-02-26,17253,268
Germany,2020-02-27,17642,275
Germany,2020-02-28,17930,278
Germany,2020-02-29,18440,279
Germany,2020-03-01,18597,285
Germany,2020-03-02,19059,290
Germany,2020-03-03,19458,291
Germany,2020-03-04,19708,292
Germany,2020-03-05,20086,293
Germany,2020-03-06,20258,299
Germany,2020-03-07,20664,303
Germany,2020-03-08,21021,309
Germany,2020-03-09,21299,311
Germany,2020-03-10,21655,317
Germany,2020-03-11,22044,322
Germany,2020-03-12,22227,328
Germany,2020-03-13,22526,332
Germany,2020-03-14,22796,335
Germany,2020-03-15,23184,337
Germany,2020-03-16,23384,341
Germany,2020-03-17,23845,348
Germany,2020-03-18,23980,355
Germany,2020-03-19,24414,357
Germany,2020-03-20,24461,361
Germany,2020-03-21,24873,369
Germany,2020-03-22,25085,377
Germany,2020-03-23,25162,381
Germany,2020-03-24,25420,388
Germany,2020-03-25,25849,394
Germany,2020-03-26,26013,400
Germany,2020-03-27,26363,401
Germany,2020-03-28,26456,408
Germany,2020-03-29,26737,410
Germany,2020-03-30,27016,415
Germany,2020-03-31,27307,416
Germany,2020-04-01,27795,423
Germany,2020-04-02,28061,427
Germany,2020-04-03,28396,429
Germany,2020-04-04,28728,431
Germany,2020-04-05,29020,433
Germany,2020-04-06,29208,441
Germany,2020-04-07,29513,446
Germany,2020-04-08,29611,449
Germany,2020-04-09,29957,454
Germany,2020-04-10,30041,459
Germany,2020-04-11,30377,466
Germany,2020-04-12,30611,466
Germany,2020-04-13,30811,468
Germany,2020-04-14,31184,468
Germany,2020-04-15,31439,475
Germany,2020-04-16,31739,481
Germany,2020-04-17,31874,482
Germany,2020-04-18,32317,487
Germany,2020-04-19,32627,489
Germany,2020-04-20,32937,491
Germany,2020-04-21,33355,501
Germany,2020-04-22,33703,504
Germany,2020-04-23,33749,505
Germany,2020-04-24,34204,507
Germany,2020-04-25,34466,513
Germany,2020-04-26,34914,517
Germany,2020-04-27,35173,522
Germany,2020-04-28,35410,525
Germany,2020-04-29,35751,530
Germany,2020-04-30,36264,535
Germany,2020-05-01,36679,537
Germany,2020-05-02,37031,540
Germany,2020-05-03,37370,546
Germany,2020-05-04,37674,555
Germany,2020-05-05,38116,562
Germany,2020-05-06,38492,570
Germany,2020-05-07,38648,577
Germany,2020-05-08,38848,580
Germany,2020-05-09,39204,587
Germany,2020-05-10,39388,590
Germany,2020-05-11,39697,594
Germany,2020-05-12,40082,605
Germany,2020-05-13,40423,608
Germany,2020-05-14,40593,612
Germany,2020-05-15,40798,617
Germany,2020-05-16,41143,621
Germany,2020-05-17,41641,624
Germany,2020-05-18,41929,630
Germany,2020-05-19,42318,637
Germany,2020-05-20,42660,644
Germany,2020-05-21,42893,650
Germany,2020-05-22,43283,658
Germany,2020-05-23,43416,661
Germany,2020-05-24,43798,661
Germany,2020-05-25,44147,668
Germany,2020-05-26,44389,672
Germany,2020-05-27,44581,675
Germany,2020-05-28,44831,678
Germany,2020-05-29,45057,682
Germany,2020-05-30,45328,690
Germany,2020-05-31,45588,695
Germany,2020-06-01,45830,698
Germany,2020-06-02,45959,699
Germany,2020-06-03,46138,704
Germany,2020-06-04,46545,705
Germany,2020-06-05,46790,707
Germany,2020-06-06,47063,714
Germany,2020-06-07,47318,718
Germany,2020-06-08,47763,723
Germany,2020-06-09,47986,728
Germany,2020-06-10,48203,733
Germany,2020-06-11,48554,735
Germany,2020-06-12,48871,739
Germany,2020-06-13,49225,745
Germany,2020-06-14,49572,749
Germany,2020-06-15,49965,752
Germany,2020-06-16,50132,751
Germany,2020-06-17,50424,754
Germany,2020-06-18,50763,755
Germany,2020-06-19,50998,760
Germany,2020-06-20,51195,765
Germany,2020-06-21,51439,769
Germany,2020-06-22,51798,775
Germany,2020-06-23,52107,778
Germany,2020-06-24,52361,784
Germany,2020-06-25,52558,788
Germany,2020-06-26,52819,792
Germany,2020-06-27,53018,793
Germany,2020-06-28,53370,799
Germany,2020-06-29,53490,804
Germany,2020-06-30,53898,810
Germany,2020-07-01,54156,813
Germany,2020-07-02,54464,818
Germany,2020-07-03,54773,822
Germany,2020-07-04,54964,827
Germany,2020-07-05,55311,832
Germany,2020-07-06,55622,840
Germany,2020-07-07,55859,847
Germany,2020-07-08,56085,854
Germany,2020-07-09,56508,858
Germany,2020-07-10,56974,863
Germany,2020-07-11,57186,867
Germany,2020-07-12,57599,873
Germany,2020-07-13,57793,877
Germany,2020-07-14,58113,880
Germany,2020-07-15,58648,885
Germany,2020-07-16,58941,892
Germany,2020-07-17,59204,899
Germany,2020-07-18,59337,903
Germany,2020-07-19,59741,911
Germany,2020-07-20,59963,914
Germany,2020-07-21,60319,917
Germany,2020-07-22,60592,923
Germany,2020-07-23,60837,924
Germany,2020-07-24,61006,929
Germany,2020-07-25,61119,933
Germany,2020-07-26,61279,941
Germany,2020-07-27,61795,943
Germany,2020-07-28,62120,946
Germany,2020-07-29,62389,954
Germany,2020-07-30,62642,958
Germany,2020-07-31,62847,965
Germany,2020-08-01,62821,969
Germany,2020-08-02,63116,972
Germany,2020-08-03,63502,979
Germany,2020-08-04,63660,988
Germany,2020-08-05,63817,995
Germany,2020-08-06,64131,998
Germany,2020-08-07,64390,1002
Germany,2020-08-08,64710,1005
Germany,2020-08-09,64986,1008
Germany,2020-08-10,65164,1011
Germany,2020-08-11,65349,1015
Germany,2020-08-12,65692,1020
Germany,2020-08-13,66189,1020
Germany,2020-08-14,66535,1025
Germany,2020-08-15,66916,1031
Germany,2020-08-16,67199,1036
Germany,2020-08-17,67424,1042
Germany,2020-08-18,67536,1048
Germany,2020-08-19,67833,1052
Germany,2020-08-20,68109,1056
Germany,2020-08-21,68538,1067
Germany,2020-08-22,68959,1070
Germany,2020-08-23,69321,1076
Germany,2020-08-24,69528,1078
Germany,2020-08-25,69821,1084
Germany,2020-08-26,69959,1087
Germany,2020-08-27,70316,1092
Germany,2020-08-28,70757,1094
Germany,2020-08-29,71292,1095
Germany,2020-08-30,71389,1099
Germany,2020-08-31,71575,1103
Germany,2020-09-01,71867,1107
Germany,2020-09-02,72082,1112
Germany,2020-09-03,72350,1119
Germany,2020-09-04,72631,1122
Germany,2020-09-05,72762,1126
Germany,2020-09-06,72935,1128
Germany,2020-09-07,73287,1129
Germany,2020-09-08,73728,1134
Germany,2020-09-09,74023,1136
Germany,2020-09-10,74399,1140
Germany,2020-09-11,74630,1145
Germany,2020-09-12,74761,1146
Germany,2020-09-13,74948,1151
Germany,2020-09-14,75247,1158
Germany,2020-09-15,75455,1164
Germany,2020-09-16,75743,1167
Germany,2020-09-17,76081,1171
Germany,2020-09-18,76318,1176
Germany,2020-09-19,76605,1180
Germany,2020-09-20,76863,1182
Germany,2020-09-21,77170,1185
Germany,2020-09-22,77367,1189
Germany,2020-09-23,77740,1194
Germany,2020-09-24,77986,1197
Germany,2020-09-25,78349,1197
Germany,2020-09-26,78728,1198
Germany,2020-09-27,78886,1201
Germany,2020-09-28,79403,1209
Germany,2020-09-29,79773,1214
Germany,2020-09-30,79886,1219
Germany,2020-10-01,80131,1222
Germany,2020-10-02,80446,1226
Germany,2020-10-03,80832,1227
Germany,2020-10-04,81139,1230
Germany,2020-10-05,81398,1235
Germany,2020-10-06,81586,1240
Germany,2020-10-07,81864,1243
Germany,2020-10-08,82116,1247
Germany,2020-10-09,82339,1252
Germany,2020-10-10,82611,1255
Germany,2020-10-11,83069,1260
Germany,2020-10-12,83330,1265
Germany,2020-10-13,83527,1269
Germany,2020-10-14,83794,1271
Germany,2020-10-15,84132,1274
Germany,2020-10-16,84396,1277
Germany,2020-10-17,84991,1280
Germany,2020-10-18,85084,1281
Germany,2020-10-19,85459,1288
Germany,2020-10-20,85690,1295
Germany,2020-10-21,86064,1299
Germany,2020-10-22,86337,1304
Germany,2020-10-23,86724,1309
Germany,2020-10-24,86956,1313
Germany,2020-10-25,87454,1318
Germany,2020-10-26,87840,1324
Germany,2020-10-27,88167,1329
Germany,2020-10-28,88556,1335
Germany,2020-10-29,88882,1338
Germany,2020-10-30,89220,1342
Germany,2020-10-31,89489,1352
Germany,2020-11-01,89635,1358
Germany,2020-11-02,89848,1363
Germany,2020-11-03,90404,1366
Germany,2020-11-04,90631,1370
Germany,2020-11-05,90846,1376
Germany,2020-11-06,91092,1382
Germany,2020-11-07,91259,1383
Germany,2020-11-08,91536,1384
Germany,2020-11-09,91987,1385
Germany,2020-11-10,92183,1390
Germany,2020-11-11,92424,1391
Germany,2020-11-12,92927,1393
Germany,2020-11-13,93207,1397
Germany,2020-11-14,93578,1402
Germany,2020-11-15,93795,1406
Germany,2020-11-16,94072,1412
Germany,2020-11-17,94255,1421
Germany,2020-11-18,94479,1425
Germany,2020-11-19,94663,1427
Germany,2020-11-20,94875,1430
Germany,2020-11-21,95133,1433
Germany,2020-11-22,95502,1436
Germany,2020-11-23,95712,1440
Germany,2020-11-24,96111,1445
Germany,2020-11-25,96401,1447
Germany,2020-11-26,96586,1449
Germany,2020-11-27,97016,1455
Germany,2020-11-28,97229,1458
Germany,2020-11-29,97446,1461
Germany,2020-11-30,97792,1465
Germany,2020-12-01,98300,1472
Germany,2020-12-02,98730,1478
Germany,2020-12-03,98987,1484
Germany,2020-12-04,99252,1492
Germany,2020-12-05,99592,1497
Germany,2020-12-06,99904,1505
Germany,2020-12-07,100060,1513
Germany,2020-12-08,100341,1515
Germany,2020-12-09,100565,1516
Germany,2020-12-10,100930,1518
Germany,2020-12-11,101246,1525
Germany,2020-12-12,101478,1529
Germany,2020-12-13,101647,1533
Germany,2020-12-14,102204,1539
Germany,2020-12-15,102477,1542
Germany,2020-12-16,102772,1547
Germany,2020-12-17,103030,1553
Germany,2020-12-18,103234,1556
Germany,2020-12-19,103571,1558
Germany,2020-12-20,103943,1562
Germany,2020-12-21,104060,1567
Germany,2020-12-22,104191,1573
Germany,2020-12-23,104466,1581
Germany,2020-12-24,104873,1583
Germany,2020-12-25,104970,1586
Germany,2020-12-26,105147,1594
Germany,2020-12-27,105445,1600
Germany,2020-12-28,105716,1604
Germany,2020-12-29,106012,1611
Germany,2020-12-30,106343,1613
