City,Latitude,Longitude,Score
Franklin 1,-89.452793,-53.165882,81.22
Newport 2,7.627012,107.606128,4.92
Clinton 3,-36.305474,166.134328,45.35
Arlington 4,9.44619,87.034266,2.06
Bristol 5,78.376574,76.223926,88.82
Salem 6,66.42857,-24.395837,17.39
Lexington 7,13.757371,122.875245,62.49
Springfield 8,-14.747344,-148.018545,57.06
Georgetown 9,35.705281,89.886136,62.55
Ashland 10,76.16508,-49.682325,56.34
Ashland 11,-1.881528,23.75061,71.56
Salem 12,-72.12461,141.466957,62.61
Salem 13,47.895876,37.807042,9.03
Newport 14,-88.113752,-170.790649,36.68
Bristol 15,47.634926,80.137744,54.66
Georgetown 16,-74.715011,154.448822,32.52
Salem 17,-70.809017,51.1243,76.03
Kingston 18,50.707237,130.111228,31.79
Lexington 19,34.113907,117.106472,82.87
Lexington 20,11.142563,130.065222,14.67
Riverside 21,57.705335,-56.123855,76.94
Riverside 22,63.246332,-9.30113,18.35
Salem 23,-7.647794,125.292062,52.8
Madison 24,89.333764,147.743487,32.05
Riverside 25,-25.635611,-127.13706,63.73
Milton 26,-59.128602,-114.648343,21.27
Milton 27,62.27576,-55.141344,79.54
Madison 28,-15.19735,97.307218,57.36
Kingston 29,67.409937,134.993217,95.73
Ashland 30,-78.990058,28.886451,71.18
Dover 31,-70.01062,-139.223457,60.74
Milton 32,-82.750921,-70.650637,82.92
Riverside 33,18.361973,128.528282,21.97
Bristol 34,59.735553,-54.880208,63.27
Madison 35,-17.521059,-142.989392,39.04
Milton 36,-73.674819,-71.255352,74.38
Ashland 37,-22.775611,110.414287,2.45
Salem 38,-27.351696,-2.347368,42.77
Springfield 39,25.824946,-118.233801,65.17
Ashland 40,27.387293,-67.452346,46.06
Clinton 41,-71.455731,163.289261,23.8
Fairview 42,-14.36818,-24.495304,46.43
Oxford 43,25.652615,-21.024268,84.97
Arlington 44,-43.404982,-124.894943,20.68
Franklin 45,-16.725548,-70.36045,36.72
Springfield 46,20.465088,113.287008,99.03
Salem 47,-17.483274,103.031631,91.28
Riverside 48,-84.445025,-23.220432,3.4
Madison 49,-49.929121,141.714814,53.03
Madison 50,49.694565,-43.10679,6.54
Milton 51,-45.269266,131.158649,92.39
Fairview 52,57.18806,-168.636402,44.15
Clinton 53,-5.956591,-54.997096,41.84
Burlington 54,-4.874195,127.824652,27.29
Burlington 55,48.692919,144.471442,56.88
Springfield 56,-21.007168,92.312655,14.5
Riverside 57,-47.073493,61.151694,79.9
Greenville 58,-71.094172,113.581767,49.12
Kingston 59,30.943778,74.720948,56.65
Bristol 60,-5.410343,-88.480456,84.08
Oxford 61,55.693239,-12.154716,18.51
Madison 62,-7.618552,57.853799,17.52
Newport 63,-15.334078,31.608993,42.08
Bristol 64,-36.206625,138.635139,78.61
Madison 65,-54.102983,-9.415929,5.85
Franklin 66,59.47865,-115.924544,79.52
Lexington 67,-72.861953,-102.750467,50.08
Ashland 68,72.38299,124.580361,56.18
Riverside 69,-85.156353,-176.860456,56.44
Hudson 70,4.00542,132.88693,5.62
Milton 71,-79.500859,-159.988289,24.98
Dover 72,50.329282,-39.002951,75.53
Lexington 73,-51.930626,108.063442,41.23
Clinton 74,11.866064,-33.258464,56.05
Madison 75,74.960298,116.045347,94.49
Milton 76,26.866608,-143.89242,4.63
Burlington 77,-57.902406,4.155202,44.97
Burlington 78,53.401998,29.690646,36.13
Kingston 79,-10.533671,140.712695,10.64
Burlington 80,-87.628187,-146.296294,95.08
Franklin 81,-2.382305,-58.103753,96.15
Bristol 82,56.247242,57.365314,31.15
Kingston 83,-12.607626,172.774829,94.67
Bristol 84,46.517049,125.378757,3.52
Dover 85,36.994659,124.738222,98.09
Georgetown 86,-7.755783,6.185711,83.59
Burlington 87,-31.809135,23.147684,21.43
Bristol 88,40.7772,129.088834,59.95
Fairview 89,-23.594685,133.065211,79.83
Dover 90,-59.384321,108.818844,31.93
Greenville 91,-32.244649,114.685659,35.38
Fairview 92,67.831055,136.666749,62.9
Oxford 93,-38.98996,-139.038505,14.71
Greenville 94,-47.707104,-74.649824,11.82
Ashland 95,-65.984387,171.400872,24.98
Greenville 96,-80.067988,16.119418,74.13
Hudson 97,85.804624,-116.47301,36.66
Franklin 98,6.619829,1.100028,50.74
Ashland 99,41.336003,52.482303,19.55
Madison 100,49.13522,118.159914,19.41
