Product,Stage,Week,Sales,MarketingSpend
ProdX,Pre-Launch,1,8495.47,2578.05
ProdX,Pre-Launch,2,5894.71,4871.32
ProdX,Pre-Launch,3,6909.63,3148.53
ProdX,Pre-Launch,4,1150.86,1396.47
ProdX,Launch,1,1239.09,1999.91
ProdX,Launch,2,4100.58,2886.49
ProdX,Launch,3,7207.92,1307.05
ProdX,Launch,4,6414.89,4626.39
ProdX,Growth,1,2665.07,3465.9
ProdX,Growth,2,1410.3,2890.16
ProdX,Growth,3,7673.85,653.19
ProdX,Growth,4,4002.99,4450.81
ProdX,Maturity,1,3029.32,3752.94
ProdX,Maturity,2,6510.14,1236.59
ProdX,Maturity,3,7675.37,2894.36
ProdX,Maturity,4,2008.23,4772.17
ProdX,Decline,1,5427.66,3852.86
ProdX,Decline,2,2959.3,1117.32
ProdX,Decline,3,7671.76,3532.21
ProdX,Decline,4,3466.97,3858.28
ProdY,Pre-Launch,1,5544.93,2068.69
ProdY,Pre-Launch,2,8082.03,3275.52
ProdY,Pre-Launch,3,5565.42,3978.98
ProdY,Pre-Launch,4,5903.46,4723.4
ProdY,Launch,1,8362.5,2111.84
ProdY,Launch,2,5184.27,4808.0
ProdY,Launch,3,9056.84,1360.33
ProdY,Launch,4,3468.73,2139.89
ProdY,Growth,1,8918.64,4673.38
ProdY,Growth,2,8221.06,1740.69
ProdY,Growth,3,8983.58,647.97
ProdY,Growth,4,4805.23,2199.33
ProdY,Maturity,1,5817.16,3022.88
ProdY,Maturity,2,3028.64,1420.5
ProdY,Maturity,3,8232.1,842.89
ProdY,Maturity,4,5439.57,1362.41
ProdY,Decline,1,3876.11,1747.82
ProdY,Decline,2,7376.7,2552.09
ProdY,Decline,3,3694.98,4241.08
ProdY,Decline,4,1772.16,3948.62
ProdZ,Pre-Launch,1,3234.81,4631.09
ProdZ,Pre-Launch,2,1050.03,3004.99
ProdZ,Pre-Launch,3,6600.38,3097.85
ProdZ,Pre-Launch,4,8335.14,1004.74
ProdZ,Launch,1,4740.0,4386.82
ProdZ,Launch,2,8998.62,2742.55
ProdZ,Launch,3,6021.7,3937.59
ProdZ,Launch,4,8016.49,4496.37
ProdZ,Growth,1,8594.72,2364.9
ProdZ,Growth,2,6847.78,2674.56
ProdZ,Growth,3,2061.65,4197.56
ProdZ,Growth,4,6415.87,761.02
ProdZ,Maturity,1,7091.81,1773.95
ProdZ,Maturity,2,1623.39,3229.65
ProdZ,Maturity,3,7589.88,2827.78
ProdZ,Maturity,4,1050.83,3095.97
ProdZ,Decline,1,1059.48,4668.84
ProdZ,Decline,2,3405.75,4419.53
ProdZ,Decline,3,1108.98,937.47
ProdZ,Decline,4,5062.67,3913.73
