Company,Date,Open,Close,High,Low,Volume
AlphaCorp,2025-07-04,66.59,65.68,67.83,64.36,2156
AlphaCorp,2025-07-05,65.88,65.07,67.17,63.46,3042
AlphaCorp,2025-07-06,66.0,67.28,69.07,64.32,3475
AlphaCorp,2025-07-07,66.27,66.67,67.31,66.23,1533
AlphaCorp,2025-07-08,63.59,61.53,65.09,60.48,4439
AlphaCorp,2025-07-09,64.75,64.52,64.83,63.05,1306
AlphaCorp,2025-07-10,65.33,63.8,66.39,63.3,4843
AlphaCorp,2025-07-11,62.68,64.65,65.4,61.19,3608
AlphaCorp,2025-07-12,63.01,62.08,64.57,61.86,2644
AlphaCorp,2025-07-13,61.15,60.32,62.78,59.96,1472
AlphaCorp,2025-07-14,60.04,59.21,60.49,58.18,1206
AlphaCorp,2025-07-15,61.75,61.76,62.19,59.94,3554
AlphaCorp,2025-07-16,57.58,55.16,57.65,55.07,3185
AlphaCorp,2025-07-17,51.23,50.75,51.8,50.63,1766
AlphaCorp,2025-07-18,52.1,53.38,54.6,50.72,1227
AlphaCorp,2025-07-19,51.29,49.13,52.67,49.02,3926
AlphaCorp,2025-07-20,50.28,50.48,51.1,49.52,3701
AlphaCorp,2025-07-21,51.5,50.17,51.85,50.12,3519
AlphaCorp,2025-07-22,50.11,49.3,51.88,47.66,4747
AlphaCorp,2025-07-23,48.36,44.95,49.13,44.86,4649
AlphaCorp,2025-07-24,46.62,46.84,48.43,46.17,3766
AlphaCorp,2025-07-25,48.81,51.95,51.97,48.47,3840
AlphaCorp,2025-07-26,53.28,54.84,56.77,52.09,4250
AlphaCorp,2025-07-27,56.08,56.54,56.96,54.97,1848
AlphaCorp,2025-07-28,55.43,55.85,56.61,55.36,4006
AlphaCorp,2025-07-29,57.72,52.27,58.04,52.06,2016
AlphaCorp,2025-07-30,56.01,57.47,58.7,54.97,1669
AlphaCorp,2025-07-31,58.53,58.52,58.65,56.67,3001
AlphaCorp,2025-08-01,56.3,57.36,57.36,54.73,2323
AlphaCorp,2025-08-02,56.24,55.11,57.88,53.8,1664
AlphaCorp,2025-08-03,52.85,50.27,54.51,48.55,3096
AlphaCorp,2025-08-04,53.5,56.74,56.99,52.21,1701
AlphaCorp,2025-08-05,58.22,59.64,61.37,56.72,3265
AlphaCorp,2025-08-06,61.34,60.67,62.49,59.66,4095
AlphaCorp,2025-08-07,60.93,60.38,62.02,58.73,3162
AlphaCorp,2025-08-08,58.83,60.74,62.58,58.38,3622
AlphaCorp,2025-08-09,58.48,55.08,59.48,53.88,1013
AlphaCorp,2025-08-10,53.97,54.82,55.46,52.25,3834
AlphaCorp,2025-08-11,57.56,57.23,59.34,56.72,4988
AlphaCorp,2025-08-12,55.72,52.31,56.55,52.09,2307
AlphaCorp,2025-08-13,51.71,54.08,55.15,50.52,3872
AlphaCorp,2025-08-14,58.9,57.72,60.23,57.65,1163
AlphaCorp,2025-08-15,59.63,59.51,59.78,58.15,2614
AlphaCorp,2025-08-16,60.7,60.64,61.28,60.07,2997
AlphaCorp,2025-08-17,61.35,60.94,62.76,59.13,4219
AlphaCorp,2025-08-18,62.62,60.15,63.24,60.08,1917
AlphaCorp,2025-08-19,61.83,58.28,63.09,57.18,4881
AlphaCorp,2025-08-20,60.97,59.33,61.94,57.97,1017
AlphaCorp,2025-08-21,58.26,54.74,58.53,53.85,1480
AlphaCorp,2025-08-22,59.41,57.73,59.7,55.78,2342
AlphaCorp,2025-08-23,57.81,57.54,58.56,56.3,4164
AlphaCorp,2025-08-24,56.55,58.49,58.68,54.58,1718
AlphaCorp,2025-08-25,56.09,56.52,56.74,54.67,2396
AlphaCorp,2025-08-26,54.91,54.9,55.47,54.88,4362
AlphaCorp,2025-08-27,57.94,59.39,60.61,56.02,3469
AlphaCorp,2025-08-28,57.78,61.26,61.93,57.2,4328
AlphaCorp,2025-08-29,63.32,57.15,63.6,56.44,4845
AlphaCorp,2025-08-30,54.71,54.12,55.46,53.16,2787
AlphaCorp,2025-08-31,50.35,52.61,53.02,50.28,3807
AlphaCorp,2025-09-01,52.18,52.66,54.62,51.82,2215
AlphaCorp,2025-09-02,49.38,45.72,50.4,45.63,1370
AlphaCorp,2025-09-03,44.42,48.19,49.46,42.84,1646
AlphaCorp,2025-09-04,48.58,50.59,50.93,48.01,4280
AlphaCorp,2025-09-05,46.94,43.37,47.2,41.52,2247
AlphaCorp,2025-09-06,44.53,44.57,45.87,43.38,2245
AlphaCorp,2025-09-07,41.89,42.66,44.66,40.01,4006
AlphaCorp,2025-09-08,43.36,40.42,44.41,39.35,4850
AlphaCorp,2025-09-09,37.13,35.79,37.79,34.85,1059
AlphaCorp,2025-09-10,36.03,37.15,39.07,34.62,2964
AlphaCorp,2025-09-11,36.6,34.45,37.43,32.77,1005
AlphaCorp,2025-09-12,32.76,32.94,33.72,31.29,2891
AlphaCorp,2025-09-13,32.69,29.84,34.32,29.7,4887
AlphaCorp,2025-09-14,31.53,30.63,32.32,28.71,1664
AlphaCorp,2025-09-15,29.33,28.57,31.14,27.95,1882
AlphaCorp,2025-09-16,28.1,27.6,29.59,26.49,3255
AlphaCorp,2025-09-17,29.09,31.72,32.75,28.64,1700
AlphaCorp,2025-09-18,31.69,32.39,33.7,30.07,3186
AlphaCorp,2025-09-19,33.39,32.7,34.38,31.37,3788
AlphaCorp,2025-09-20,31.17,31.6,32.87,29.43,2214
AlphaCorp,2025-09-21,32.63,33.9,34.18,32.16,3642
AlphaCorp,2025-09-22,36.45,37.27,39.14,34.84,4258
AlphaCorp,2025-09-23,38.63,37.65,40.52,35.93,3607
AlphaCorp,2025-09-24,35.57,31.44,36.17,30.79,2766
AlphaCorp,2025-09-25,31.91,30.63,33.8,29.54,4443
AlphaCorp,2025-09-26,27.5,26.36,27.65,25.91,2308
AlphaCorp,2025-09-27,26.39,26.96,27.56,26.37,1361
AlphaCorp,2025-09-28,28.18,32.1,32.87,26.42,4082
AlphaCorp,2025-09-29,31.0,28.35,32.11,27.93,1426
AlphaCorp,2025-09-30,29.07,28.88,29.16,28.86,2529
AlphaCorp,2025-10-01,26.41,25.92,27.45,24.08,4302
AlphaCorp,2025-10-02,26.42,27.31,28.14,25.07,1060
AlphaCorp,2025-10-03,27.83,26.82,28.51,26.12,2904
AlphaCorp,2025-10-04,30.8,28.92,32.38,28.28,4626
AlphaCorp,2025-10-05,28.21,30.77,31.52,27.13,3978
AlphaCorp,2025-10-06,27.69,28.98,30.79,26.04,4529
AlphaCorp,2025-10-07,29.34,29.25,29.98,27.48,4572
AlphaCorp,2025-10-08,26.34,27.48,28.85,26.16,3083
AlphaCorp,2025-10-09,28.05,27.86,29.8,26.64,3930
AlphaCorp,2025-10-10,30.2,29.3,30.29,29.12,3770
AlphaCorp,2025-10-11,31.34,25.79,31.78,23.89,3319
AlphaCorp,2025-10-12,30.71,29.15,31.65,29.15,2421
AlphaCorp,2025-10-13,30.46,32.61,33.87,28.84,4684
AlphaCorp,2025-10-14,33.66,33.15,34.5,32.17,3555
AlphaCorp,2025-10-15,35.32,34.98,35.73,34.46,3807
AlphaCorp,2025-10-16,33.46,33.2,34.29,33.19,1069
AlphaCorp,2025-10-17,30.64,33.09,34.48,30.64,3260
AlphaCorp,2025-10-18,35.0,36.83,38.44,33.56,3461
AlphaCorp,2025-10-19,39.58,40.43,41.88,38.1,3652
AlphaCorp,2025-10-20,41.82,40.57,42.54,39.51,4602
AlphaCorp,2025-10-21,42.82,42.45,44.38,41.95,4051
AlphaCorp,2025-10-22,40.42,42.22,42.94,39.62,4987
AlphaCorp,2025-10-23,42.35,45.28,45.96,41.72,2198
AlphaCorp,2025-10-24,46.82,48.55,49.33,46.74,3504
AlphaCorp,2025-10-25,46.92,45.51,48.74,44.88,4723
AlphaCorp,2025-10-26,43.18,42.78,44.96,41.96,2810
AlphaCorp,2025-10-27,41.69,44.19,46.12,41.56,2503
AlphaCorp,2025-10-28,41.01,39.58,41.86,38.63,1929
AlphaCorp,2025-10-29,40.68,44.86,46.25,38.98,2166
AlphaCorp,2025-10-30,42.76,41.35,43.14,41.08,1618
AlphaCorp,2025-10-31,44.43,45.44,47.41,43.09,3977
AlphaCorp,2025-11-01,42.17,44.28,46.19,41.77,2322
AlphaCorp,2025-11-02,44.08,43.7,45.08,43.45,1740
AlphaCorp,2025-11-03,45.71,45.75,47.44,45.01,4269
AlphaCorp,2025-11-04,46.53,47.22,48.39,44.56,1244
AlphaCorp,2025-11-05,48.06,46.26,49.16,44.52,2757
AlphaCorp,2025-11-06,46.57,51.29,52.7,46.31,3420
AlphaCorp,2025-11-07,52.01,48.51,53.15,46.51,2000
AlphaCorp,2025-11-08,51.56,52.35,53.37,49.61,3850
AlphaCorp,2025-11-09,51.91,55.49,56.54,51.46,4239
AlphaCorp,2025-11-10,58.25,58.11,58.72,57.72,3322
AlphaCorp,2025-11-11,55.55,55.29,56.33,53.6,3788
AlphaCorp,2025-11-12,55.45,57.57,59.43,54.24,3223
AlphaCorp,2025-11-13,56.44,54.63,57.87,53.09,2890
AlphaCorp,2025-11-14,55.22,51.41,56.0,49.73,4903
AlphaCorp,2025-11-15,50.65,51.86,52.58,48.99,2795
AlphaCorp,2025-11-16,50.41,48.67,51.9,47.73,2056
AlphaCorp,2025-11-17,47.69,52.19,53.51,46.34,4586
AlphaCorp,2025-11-18,54.25,53.52,54.64,52.16,3838
AlphaCorp,2025-11-19,50.24,47.56,51.82,46.69,1102
AlphaCorp,2025-11-20,50.32,51.38,51.42,50.1,2992
AlphaCorp,2025-11-21,49.09,45.4,50.64,44.27,2485
AlphaCorp,2025-11-22,45.64,46.14,47.5,44.41,2020
AlphaCorp,2025-11-23,46.53,45.65,48.06,45.03,1431
AlphaCorp,2025-11-24,50.89,51.25,51.64,49.52,3542
AlphaCorp,2025-11-25,53.29,54.81,55.95,52.0,3369
AlphaCorp,2025-11-26,57.35,57.92,59.72,55.74,2762
AlphaCorp,2025-11-27,56.11,54.67,57.12,53.5,1063
AlphaCorp,2025-11-28,52.74,51.8,53.27,50.79,1839
AlphaCorp,2025-11-29,51.11,50.98,52.15,50.36,3427
AlphaCorp,2025-11-30,53.14,48.93,53.18,47.48,4863
AlphaCorp,2025-12-01,49.77,46.86,50.62,46.33,4893
AlphaCorp,2025-12-02,47.52,45.15,49.09,44.3,3466
AlphaCorp,2025-12-03,42.75,42.59,44.0,42.02,1744
AlphaCorp,2025-12-04,41.76,42.66,44.49,39.92,2977
AlphaCorp,2025-12-05,44.4,43.22,45.16,41.24,2213
AlphaCorp,2025-12-06,45.29,44.18,46.99,44.01,3475
AlphaCorp,2025-12-07,42.58,42.09,43.53,40.3,2295
AlphaCorp,2025-12-08,39.63,36.36,41.19,35.31,4161
AlphaCorp,2025-12-09,36.97,36.01,38.22,34.06,3828
AlphaCorp,2025-12-10,36.33,40.28,40.78,34.61,3647
AlphaCorp,2025-12-11,40.18,39.52,41.12,39.01,4170
AlphaCorp,2025-12-12,36.25,36.78,38.45,35.45,1943
AlphaCorp,2025-12-13,38.41,40.44,41.31,38.02,4565
AlphaCorp,2025-12-14,42.85,43.91,45.5,41.56,4585
AlphaCorp,2025-12-15,43.51,43.27,43.77,43.13,2131
AlphaCorp,2025-12-16,43.33,43.17,44.23,41.27,4974
AlphaCorp,2025-12-17,41.72,41.01,43.46,40.32,1930
AlphaCorp,2025-12-18,41.77,41.44,42.5,41.34,3784
AlphaCorp,2025-12-19,39.94,37.14,41.49,35.63,2386
AlphaCorp,2025-12-20,38.0,37.46,39.56,36.36,3335
AlphaCorp,2025-12-21,36.24,37.51,38.32,34.4,2863
AlphaCorp,2025-12-22,39.77,39.21,40.96,37.31,1686
AlphaCorp,2025-12-23,37.73,31.89,38.69,30.1,2306
AlphaCorp,2025-12-24,30.71,29.88,30.93,28.86,2735
AlphaCorp,2025-12-25,32.45,33.44,34.13,31.02,1987
AlphaCorp,2025-12-26,35.08,37.07,38.62,34.04,1628
AlphaCorp,2025-12-27,38.24,37.47,39.19,37.15,4711
AlphaCorp,2025-12-28,38.79,41.31,42.48,38.0,4092
AlphaCorp,2025-12-29,40.59,42.18,44.03,40.16,1861
AlphaCorp,2025-12-30,43.15,42.83,44.99,42.04,4713
BetaTech,2025-07-04,23.84,22.16,24.51,21.12,1908
BetaTech,2025-07-05,22.96,22.89,23.82,22.54,4238
BetaTech,2025-07-06,25.21,27.38,29.25,24.07,3052
BetaTech,2025-07-07,25.87,25.53,27.51,24.17,3058
BetaTech,2025-07-08,25.02,26.7,27.22,24.85,1896
BetaTech,2025-07-09,27.52,27.35,28.46,26.49,4107
BetaTech,2025-07-10,26.39,29.57,31.51,26.11,4836
BetaTech,2025-07-11,27.62,26.65,28.85,25.79,3294
BetaTech,2025-07-12,25.07,21.41,25.53,20.46,1297
BetaTech,2025-07-13,20.96,16.42,22.48,14.67,1283
BetaTech,2025-07-14,15.59,17.65,17.89,14.84,4818
BetaTech,2025-07-15,15.94,16.23,16.64,15.55,4737
BetaTech,2025-07-16,16.32,16.07,17.49,15.31,1901
BetaTech,2025-07-17,14.57,11.83,16.13,10.86,2208
BetaTech,2025-07-18,13.1,13.65,14.81,12.11,1692
BetaTech,2025-07-19,10.52,9.4,12.23,8.19,3732
BetaTech,2025-07-20,8.5,7.15,10.48,5.88,1169
BetaTech,2025-07-21,8.73,10.55,12.34,7.63,3545
BetaTech,2025-07-22,9.15,10.22,11.89,7.58,3354
BetaTech,2025-07-23,10.36,11.95,12.95,8.73,4909
BetaTech,2025-07-24,11.41,8.52,12.86,7.63,1886
BetaTech,2025-07-25,8.81,10.87,11.41,7.41,4267
BetaTech,2025-07-26,11.14,12.6,13.56,10.88,2364
BetaTech,2025-07-27,9.16,8.51,9.61,7.26,3808
BetaTech,2025-07-28,9.7,8.43,10.06,8.22,4189
BetaTech,2025-07-29,6.39,4.86,7.9,2.96,1783
BetaTech,2025-07-30,7.25,9.34,10.84,7.06,2998
BetaTech,2025-07-31,5.7,4.36,7.33,2.66,2713
BetaTech,2025-08-01,2.44,1.52,4.1,-0.23,3806
BetaTech,2025-08-02,-1.06,-2.64,-0.61,-4.19,2922
BetaTech,2025-08-03,-4.09,-2.66,-1.45,-5.85,1463
BetaTech,2025-08-04,-2.12,-2.59,-1.84,-3.93,4389
BetaTech,2025-08-05,-0.74,-0.24,1.72,-1.84,3367
BetaTech,2025-08-06,-1.25,0.83,1.7,-2.25,3582
BetaTech,2025-08-07,1.45,2.85,3.44,0.43,3554
BetaTech,2025-08-08,3.44,4.48,4.83,2.88,4066
BetaTech,2025-08-09,3.55,2.9,5.52,0.9,1078
BetaTech,2025-08-10,4.83,5.38,7.17,3.79,3880
BetaTech,2025-08-11,3.8,1.86,5.77,1.34,2910
BetaTech,2025-08-12,4.63,3.81,6.07,3.05,2854
BetaTech,2025-08-13,1.5,1.13,1.56,-0.51,4380
BetaTech,2025-08-14,0.78,5.0,6.67,-0.07,4092
BetaTech,2025-08-15,4.49,3.21,5.02,1.85,3206
BetaTech,2025-08-16,3.58,5.77,7.45,2.61,1715
BetaTech,2025-08-17,4.68,5.67,6.04,3.31,2544
BetaTech,2025-08-18,1.62,1.76,2.35,1.12,1858
BetaTech,2025-08-19,3.85,4.15,5.74,3.78,2786
BetaTech,2025-08-20,5.07,6.41,6.71,4.4,2209
BetaTech,2025-08-21,6.61,4.61,8.1,3.64,4400
BetaTech,2025-08-22,0.36,0.63,1.13,-1.62,2860
BetaTech,2025-08-23,3.49,1.71,3.76,1.65,4344
BetaTech,2025-08-24,2.2,-0.39,3.25,-2.33,1701
BetaTech,2025-08-25,-0.82,-2.82,-0.45,-3.43,2085
BetaTech,2025-08-26,-5.41,-7.31,-4.91,-8.5,4761
BetaTech,2025-08-27,-6.22,-5.67,-4.5,-6.8,2374
BetaTech,2025-08-28,-3.83,-4.94,-3.05,-6.11,2172
BetaTech,2025-08-29,-6.08,-4.06,-3.86,-6.22,3573
BetaTech,2025-08-30,-5.18,-5.52,-4.47,-7.43,3977
BetaTech,2025-08-31,-4.18,-2.07,-1.21,-4.74,1799
BetaTech,2025-09-01,-5.03,-5.94,-3.81,-6.81,3596
BetaTech,2025-09-02,-6.25,-6.02,-5.39,-7.62,3445
BetaTech,2025-09-03,-2.95,-0.32,1.1,-3.19,2318
BetaTech,2025-09-04,-2.36,-3.01,-1.09,-3.5,4094
BetaTech,2025-09-05,-0.44,0.71,2.12,-0.55,4221
BetaTech,2025-09-06,1.31,1.0,2.22,0.16,1536
BetaTech,2025-09-07,-1.26,-0.82,-0.27,-2.52,3427
BetaTech,2025-09-08,0.91,2.86,3.85,0.13,2865
BetaTech,2025-09-09,2.35,-1.12,3.44,-1.66,4050
BetaTech,2025-09-10,-0.11,1.25,2.64,-2.06,3180
BetaTech,2025-09-11,1.83,0.67,2.35,-1.32,2819
BetaTech,2025-09-12,2.54,-0.39,3.53,-1.06,1483
BetaTech,2025-09-13,-2.77,-0.66,1.13,-3.23,4118
BetaTech,2025-09-14,-1.12,5.13,5.88,-1.24,3892
BetaTech,2025-09-15,8.67,10.37,11.3,7.3,2166
BetaTech,2025-09-16,12.88,11.18,14.4,11.13,4791
BetaTech,2025-09-17,11.82,10.57,12.63,9.62,1416
BetaTech,2025-09-18,5.93,7.59,8.95,5.88,4163
BetaTech,2025-09-19,10.38,11.45,12.64,9.07,4238
BetaTech,2025-09-20,12.05,12.53,14.46,11.2,3400
BetaTech,2025-09-21,11.36,11.41,12.46,10.05,3468
BetaTech,2025-09-22,15.09,17.3,17.89,14.73,2526
BetaTech,2025-09-23,18.71,18.21,19.43,17.69,3231
BetaTech,2025-09-24,19.09,21.02,22.03,18.31,4596
BetaTech,2025-09-25,20.26,24.23,24.98,18.42,1495
BetaTech,2025-09-26,23.15,24.53,25.48,22.24,2701
BetaTech,2025-09-27,23.32,25.82,27.46,22.4,4749
BetaTech,2025-09-28,28.85,28.79,30.73,28.06,3081
BetaTech,2025-09-29,30.29,33.97,35.87,29.18,4027
BetaTech,2025-09-30,31.93,33.92,34.36,31.55,4618
BetaTech,2025-10-01,32.57,33.67,33.93,31.54,4853
BetaTech,2025-10-02,32.62,34.65,35.46,31.52,2010
BetaTech,2025-10-03,35.7,36.62,37.84,35.14,4545
BetaTech,2025-10-04,38.2,40.51,41.57,37.04,1276
BetaTech,2025-10-05,39.64,40.02,40.3,38.22,2351
BetaTech,2025-10-06,37.76,33.56,39.76,33.04,2599
BetaTech,2025-10-07,38.2,41.79,42.91,37.84,4585
BetaTech,2025-10-08,38.86,36.24,39.56,34.71,1002
BetaTech,2025-10-09,36.75,38.08,38.16,34.99,3172
BetaTech,2025-10-10,35.89,33.2,36.13,31.59,3347
BetaTech,2025-10-11,29.46,29.33,30.59,27.62,3590
BetaTech,2025-10-12,28.17,29.53,31.48,27.03,3725
BetaTech,2025-10-13,30.64,30.87,32.24,29.78,3067
BetaTech,2025-10-14,31.98,31.01,33.52,30.53,3614
BetaTech,2025-10-15,31.71,32.99,33.98,29.84,3864
BetaTech,2025-10-16,32.92,33.25,35.24,31.86,1523
BetaTech,2025-10-17,34.24,33.83,35.15,32.72,4453
BetaTech,2025-10-18,36.69,33.43,37.35,31.95,1293
BetaTech,2025-10-19,37.11,36.45,38.88,35.55,2141
BetaTech,2025-10-20,33.02,33.16,33.43,32.29,1919
BetaTech,2025-10-21,32.4,30.54,33.88,30.11,4488
BetaTech,2025-10-22,30.59,29.48,30.75,28.65,2059
BetaTech,2025-10-23,26.95,26.43,27.39,25.74,3307
BetaTech,2025-10-24,26.74,27.22,28.06,25.97,4025
BetaTech,2025-10-25,31.46,29.35,32.11,27.44,4857
BetaTech,2025-10-26,31.46,30.66,32.5,30.2,3717
BetaTech,2025-10-27,32.07,33.11,33.5,30.65,4012
BetaTech,2025-10-28,31.41,34.09,35.55,30.23,3044
BetaTech,2025-10-29,32.24,31.39,32.71,30.03,4469
BetaTech,2025-10-30,30.37,31.95,32.05,29.03,3111
BetaTech,2025-10-31,31.48,34.45,34.64,30.15,1627
BetaTech,2025-11-01,32.19,29.23,32.54,27.63,1961
BetaTech,2025-11-02,31.31,36.1,36.87,30.27,2800
BetaTech,2025-11-03,33.5,34.89,36.19,32.5,2689
BetaTech,2025-11-04,32.61,33.31,34.65,30.81,1663
BetaTech,2025-11-05,31.94,34.32,34.47,30.03,2968
BetaTech,2025-11-06,28.56,29.9,30.07,26.98,2261
BetaTech,2025-11-07,27.27,26.84,27.63,24.89,2409
BetaTech,2025-11-08,25.81,28.97,30.78,24.85,4124
BetaTech,2025-11-09,28.03,31.14,31.72,26.6,1362
BetaTech,2025-11-10,30.67,29.59,30.92,29.49,1102
BetaTech,2025-11-11,32.37,31.61,32.65,31.32,2371
BetaTech,2025-11-12,31.63,33.82,33.89,29.82,1921
BetaTech,2025-11-13,33.85,32.3,34.38,31.92,1732
BetaTech,2025-11-14,32.3,33.72,35.38,31.12,3878
BetaTech,2025-11-15,33.87,33.54,35.33,31.96,3661
BetaTech,2025-11-16,37.03,38.17,40.08,35.87,1287
BetaTech,2025-11-17,37.92,40.36,41.76,36.08,4385
BetaTech,2025-11-18,40.91,40.25,42.15,38.52,3399
BetaTech,2025-11-19,41.51,42.19,44.07,40.51,3141
BetaTech,2025-11-20,44.95,45.75,45.98,43.63,1882
BetaTech,2025-11-21,42.82,42.99,44.21,42.79,2017
BetaTech,2025-11-22,43.97,47.94,49.41,43.73,1698
BetaTech,2025-11-23,47.47,48.17,48.41,47.14,1016
BetaTech,2025-11-24,48.05,44.18,48.31,42.95,3034
BetaTech,2025-11-25,43.71,46.06,46.22,43.4,4753
BetaTech,2025-11-26,46.15,46.25,47.3,44.61,1366
BetaTech,2025-11-27,40.99,40.62,41.14,39.66,1580
BetaTech,2025-11-28,42.32,41.84,43.76,40.49,1386
BetaTech,2025-11-29,45.73,44.35,47.72,44.24,4902
BetaTech,2025-11-30,47.67,49.75,50.63,46.16,4303
BetaTech,2025-12-01,45.6,45.66,47.25,45.44,3324
BetaTech,2025-12-02,45.3,43.37,46.23,42.9,3002
BetaTech,2025-12-03,47.12,47.11,48.18,46.18,1357
BetaTech,2025-12-04,50.63,47.57,51.58,47.47,4122
BetaTech,2025-12-05,48.63,51.92,52.9,48.09,3867
BetaTech,2025-12-06,52.09,50.83,52.66,50.71,3243
BetaTech,2025-12-07,51.26,49.5,52.63,49.4,2591
BetaTech,2025-12-08,50.13,50.97,52.89,49.72,1742
BetaTech,2025-12-09,49.82,52.93,53.2,49.57,1926
BetaTech,2025-12-10,55.2,57.54,58.75,54.2,2630
BetaTech,2025-12-11,55.8,59.65,60.22,53.88,4160
BetaTech,2025-12-12,58.58,61.4,63.07,57.86,4727
BetaTech,2025-12-13,62.56,64.12,65.1,60.86,4967
BetaTech,2025-12-14,64.15,61.67,65.43,60.67,3917
BetaTech,2025-12-15,59.55,60.17,61.87,58.0,2006
BetaTech,2025-12-16,59.87,59.86,59.89,59.41,3310
BetaTech,2025-12-17,60.4,57.59,61.52,57.24,4516
BetaTech,2025-12-18,60.19,63.74,63.77,58.81,1419
BetaTech,2025-12-19,60.83,61.69,62.36,59.81,3025
BetaTech,2025-12-20,62.3,60.57,63.68,60.48,4440
BetaTech,2025-12-21,58.65,62.86,64.08,56.74,3541
BetaTech,2025-12-22,62.24,65.32,65.39,61.75,2652
BetaTech,2025-12-23,70.16,70.53,70.97,68.93,2096
BetaTech,2025-12-24,72.02,71.17,73.41,70.14,1725
BetaTech,2025-12-25,74.03,72.73,74.88,70.8,1364
BetaTech,2025-12-26,71.91,71.16,72.2,70.23,1214
BetaTech,2025-12-27,70.08,70.54,72.39,69.68,4145
BetaTech,2025-12-28,73.56,75.39,77.16,72.95,1428
BetaTech,2025-12-29,75.43,76.6,76.94,73.83,2844
BetaTech,2025-12-30,78.17,80.69,81.56,77.91,3526
GammaHealth,2025-07-04,95.09,93.73,96.89,93.13,1541
GammaHealth,2025-07-05,92.72,93.21,93.59,91.8,3388
GammaHealth,2025-07-06,92.6,91.15,93.1,90.87,3793
GammaHealth,2025-07-07,90.66,91.6,92.27,89.75,3825
GammaHealth,2025-07-08,88.53,87.69,90.27,86.33,4639
GammaHealth,2025-07-09,84.93,84.36,86.89,82.79,4354
GammaHealth,2025-07-10,83.62,83.31,83.97,82.08,4731
GammaHealth,2025-07-11,81.79,79.03,82.82,78.65,2665
GammaHealth,2025-07-12,78.1,76.28,79.74,75.17,1394
GammaHealth,2025-07-13,73.07,73.33,74.96,71.19,4789
GammaHealth,2025-07-14,77.75,79.61,80.91,77.51,4225
GammaHealth,2025-07-15,81.94,78.87,82.26,78.72,1308
GammaHealth,2025-07-16,79.38,79.49,79.56,77.94,1600
GammaHealth,2025-07-17,80.14,81.78,82.45,79.66,4391
GammaHealth,2025-07-18,81.89,83.15,83.79,81.34,3342
GammaHealth,2025-07-19,81.4,82.06,82.11,79.82,2071
GammaHealth,2025-07-20,81.87,82.97,84.06,80.2,3526
GammaHealth,2025-07-21,76.92,75.71,78.42,75.67,4842
GammaHealth,2025-07-22,78.12,77.24,79.92,77.23,1402
GammaHealth,2025-07-23,76.43,76.62,77.2,74.68,2971
GammaHealth,2025-07-24,78.82,77.96,79.54,76.33,2244
GammaHealth,2025-07-25,78.57,75.71,78.65,75.55,4028
GammaHealth,2025-07-26,77.66,78.26,78.57,75.95,3778
GammaHealth,2025-07-27,76.17,73.1,77.42,72.85,4193
GammaHealth,2025-07-28,71.25,69.8,72.29,67.89,4968
GammaHealth,2025-07-29,65.87,70.21,70.42,65.82,4483
GammaHealth,2025-07-30,69.8,70.73,72.12,69.07,4922
GammaHealth,2025-07-31,66.19,65.58,66.98,64.54,1063
GammaHealth,2025-08-01,64.48,62.49,65.71,60.72,1906
GammaHealth,2025-08-02,59.74,59.87,61.59,59.13,2207
GammaHealth,2025-08-03,58.95,54.64,60.12,54.39,4858
GammaHealth,2025-08-04,53.02,52.24,53.88,51.78,2062
GammaHealth,2025-08-05,54.5,55.16,55.27,52.78,3548
GammaHealth,2025-08-06,54.71,57.16,57.31,53.26,1062
GammaHealth,2025-08-07,57.61,59.93,61.09,57.51,1838
GammaHealth,2025-08-08,56.52,53.29,57.0,52.29,1238
GammaHealth,2025-08-09,52.45,53.8,55.41,50.77,3606
GammaHealth,2025-08-10,53.56,56.45,57.18,52.17,1198
GammaHealth,2025-08-11,57.11,59.78,60.33,55.8,2535
GammaHealth,2025-08-12,57.82,57.47,58.04,56.06,1534
GammaHealth,2025-08-13,58.56,61.42,63.34,57.12,4722
GammaHealth,2025-08-14,59.02,57.78,59.9,57.4,3372
GammaHealth,2025-08-15,57.29,55.7,58.2,54.23,1641
GammaHealth,2025-08-16,58.4,59.19,61.18,57.75,2768
GammaHealth,2025-08-17,60.12,59.38,60.26,58.71,4631
GammaHealth,2025-08-18,60.29,61.29,62.28,58.76,1876
GammaHealth,2025-08-19,58.61,58.35,60.34,56.41,3430
GammaHealth,2025-08-20,63.1,59.5,63.52,58.65,4106
GammaHealth,2025-08-21,63.04,63.44,64.78,62.21,4606
GammaHealth,2025-08-22,63.6,62.28,65.03,62.1,2095
GammaHealth,2025-08-23,64.06,64.14,64.66,62.07,3548
GammaHealth,2025-08-24,66.54,66.12,67.33,65.94,1761
GammaHealth,2025-08-25,66.06,63.32,67.11,62.86,4340
GammaHealth,2025-08-26,61.51,60.83,62.18,60.54,4110
GammaHealth,2025-08-27,60.26,64.07,65.64,59.57,3620
GammaHealth,2025-08-28,65.38,66.8,67.4,64.96,2982
GammaHealth,2025-08-29,62.86,61.63,64.2,60.27,1124
GammaHealth,2025-08-30,58.68,58.21,59.65,57.19,3056
GammaHealth,2025-08-31,57.21,54.83,59.03,52.89,2509
GammaHealth,2025-09-01,57.0,56.28,58.22,55.1,3912
GammaHealth,2025-09-02,58.11,56.59,58.81,55.91,2615
GammaHealth,2025-09-03,58.66,59.56,60.69,57.53,4336
GammaHealth,2025-09-04,61.9,60.29,62.57,58.98,3654
GammaHealth,2025-09-05,57.52,56.3,58.35,55.7,1582
GammaHealth,2025-09-06,56.49,57.42,58.73,55.09,3539
GammaHealth,2025-09-07,55.36,57.52,58.4,54.08,4556
GammaHealth,2025-09-08,56.87,57.79,57.8,56.44,2520
GammaHealth,2025-09-09,59.91,60.08,60.81,59.1,2186
GammaHealth,2025-09-10,58.96,57.21,60.88,55.52,2366
GammaHealth,2025-09-11,55.53,55.77,56.96,54.22,4367
GammaHealth,2025-09-12,54.08,57.14,57.54,53.55,1759
GammaHealth,2025-09-13,55.38,56.78,57.84,53.74,2227
GammaHealth,2025-09-14,53.1,53.77,55.33,52.69,4851
GammaHealth,2025-09-15,56.27,57.29,58.33,56.11,3013
GammaHealth,2025-09-16,58.88,59.82,61.05,58.77,4947
GammaHealth,2025-09-17,57.31,59.07,60.81,56.69,1381
GammaHealth,2025-09-18,55.08,53.94,57.05,53.75,1120
GammaHealth,2025-09-19,51.94,54.37,54.46,51.84,3192
GammaHealth,2025-09-20,57.2,58.36,59.76,56.84,2996
GammaHealth,2025-09-21,58.39,55.29,58.63,53.62,4432
GammaHealth,2025-09-22,55.93,53.7,57.55,52.98,1774
GammaHealth,2025-09-23,51.86,50.93,53.85,50.35,3854
GammaHealth,2025-09-24,50.59,51.61,52.19,50.28,3395
GammaHealth,2025-09-25,51.86,57.39,57.62,50.62,2240
GammaHealth,2025-09-26,58.13,56.55,59.47,54.63,2206
GammaHealth,2025-09-27,57.24,59.24,60.1,56.29,2386
GammaHealth,2025-09-28,59.99,60.33,62.2,59.85,2767
GammaHealth,2025-09-29,60.2,59.97,60.65,59.22,3361
GammaHealth,2025-09-30,60.12,61.09,62.39,59.67,3275
GammaHealth,2025-10-01,61.01,64.69,65.41,59.11,1101
GammaHealth,2025-10-02,66.15,66.77,67.93,64.75,2711
GammaHealth,2025-10-03,66.57,66.69,67.33,65.02,3555
GammaHealth,2025-10-04,67.53,70.1,71.35,66.23,4392
GammaHealth,2025-10-05,68.51,70.68,71.66,67.83,1703
GammaHealth,2025-10-06,71.43,70.46,72.96,69.64,4309
GammaHealth,2025-10-07,73.13,74.29,75.64,71.91,3811
GammaHealth,2025-10-08,74.48,72.29,76.17,70.36,4432
GammaHealth,2025-10-09,74.31,76.95,77.92,72.86,2866
GammaHealth,2025-10-10,77.61,78.69,78.78,76.7,1259
GammaHealth,2025-10-11,81.61,81.2,82.92,79.81,4149
GammaHealth,2025-10-12,79.9,77.27,80.26,76.78,3505
GammaHealth,2025-10-13,77.31,76.09,78.47,75.21,1359
GammaHealth,2025-10-14,75.61,73.25,76.66,71.4,1352
GammaHealth,2025-10-15,73.47,73.89,75.6,72.2,3540
GammaHealth,2025-10-16,74.79,72.82,75.75,71.28,2390
GammaHealth,2025-10-17,73.95,73.13,74.2,72.63,3053
GammaHealth,2025-10-18,71.3,72.18,72.66,70.66,4200
GammaHealth,2025-10-19,73.46,69.99,74.52,68.09,1892
GammaHealth,2025-10-20,78.29,80.68,81.84,77.59,3971
GammaHealth,2025-10-21,82.67,80.47,82.75,79.25,4138
GammaHealth,2025-10-22,82.42,82.31,83.44,81.56,4562
GammaHealth,2025-10-23,80.97,79.73,82.21,78.55,4170
GammaHealth,2025-10-24,77.57,78.73,80.63,76.94,4548
GammaHealth,2025-10-25,82.44,80.48,84.03,80.46,2592
GammaHealth,2025-10-26,82.67,83.26,84.46,81.07,4923
GammaHealth,2025-10-27,83.39,83.55,84.32,81.49,1132
GammaHealth,2025-10-28,86.04,88.17,89.08,85.48,4959
GammaHealth,2025-10-29,85.86,82.13,87.49,81.32,2114
GammaHealth,2025-10-30,79.25,79.6,81.3,77.41,1798
GammaHealth,2025-10-31,75.92,77.35,78.94,74.58,2076
GammaHealth,2025-11-01,81.22,79.57,82.7,78.17,4819
GammaHealth,2025-11-02,79.62,77.19,80.32,76.41,3929
GammaHealth,2025-11-03,74.7,75.74,77.41,73.12,2142
GammaHealth,2025-11-04,76.27,76.36,78.13,74.98,3384
GammaHealth,2025-11-05,76.22,74.15,77.3,73.24,2485
GammaHealth,2025-11-06,71.45,70.61,72.71,70.33,1959
GammaHealth,2025-11-07,72.76,72.14,73.64,70.43,4616
GammaHealth,2025-11-08,74.95,74.68,76.46,74.42,2773
GammaHealth,2025-11-09,74.97,73.28,75.95,72.92,1093
GammaHealth,2025-11-10,70.74,70.86,71.08,69.3,4015
GammaHealth,2025-11-11,69.73,70.3,70.96,68.18,3881
GammaHealth,2025-11-12,71.59,73.84,74.05,71.11,1906
GammaHealth,2025-11-13,72.25,73.59,74.09,70.48,3685
GammaHealth,2025-11-14,72.4,75.64,76.03,72.04,3069
GammaHealth,2025-11-15,76.69,73.53,77.07,71.65,4649
GammaHealth,2025-11-16,72.8,72.63,74.51,71.91,3667
GammaHealth,2025-11-17,72.77,73.77,73.89,71.96,2562
GammaHealth,2025-11-18,69.94,70.5,71.21,69.79,4278
GammaHealth,2025-11-19,69.22,67.25,69.73,66.78,2597
GammaHealth,2025-11-20,67.07,64.35,68.98,64.24,4632
GammaHealth,2025-11-21,63.88,62.7,64.66,62.59,2269
GammaHealth,2025-11-22,64.19,66.37,66.81,63.64,4996
GammaHealth,2025-11-23,69.51,71.09,71.13,68.2,3138
GammaHealth,2025-11-24,71.67,68.58,72.36,67.56,3454
GammaHealth,2025-11-25,66.35,66.34,67.89,66.03,2356
GammaHealth,2025-11-26,68.14,67.96,69.2,66.52,2273
GammaHealth,2025-11-27,67.6,69.79,71.4,65.75,2267
GammaHealth,2025-11-28,67.81,66.5,69.02,65.73,1213
GammaHealth,2025-11-29,67.77,66.2,68.78,65.92,1846
GammaHealth,2025-11-30,64.98,63.83,66.1,63.11,1357
GammaHealth,2025-12-01,64.89,64.62,65.91,64.39,1180
GammaHealth,2025-12-02,61.33,62.63,63.28,60.46,3950
GammaHealth,2025-12-03,63.29,59.84,63.46,58.54,4679
GammaHealth,2025-12-04,58.67,55.26,58.76,54.15,3821
GammaHealth,2025-12-05,52.61,54.16,56.14,52.36,3033
GammaHealth,2025-12-06,55.03,54.99,55.68,53.63,2570
GammaHealth,2025-12-07,54.4,54.9,56.16,54.09,1442
GammaHealth,2025-12-08,56.23,56.24,56.72,55.64,1292
GammaHealth,2025-12-09,56.89,62.55,63.33,56.12,3626
GammaHealth,2025-12-10,65.61,63.29,65.9,62.44,1463
GammaHealth,2025-12-11,62.91,60.06,64.13,58.77,1280
GammaHealth,2025-12-12,62.57,61.56,62.6,60.65,3792
GammaHealth,2025-12-13,62.51,58.12,62.84,56.86,4932
GammaHealth,2025-12-14,57.9,54.68,58.04,53.99,2227
GammaHealth,2025-12-15,54.11,54.42,56.31,52.11,1739
GammaHealth,2025-12-16,56.31,55.45,56.48,53.71,4276
GammaHealth,2025-12-17,55.99,54.52,56.64,52.92,1812
GammaHealth,2025-12-18,54.99,53.62,56.49,51.97,4481
GammaHealth,2025-12-19,53.85,54.09,55.37,52.14,1215
GammaHealth,2025-12-20,54.41,56.2,57.02,52.87,1607
GammaHealth,2025-12-21,58.26,57.67,58.33,55.87,1655
GammaHealth,2025-12-22,56.92,60.22,60.43,55.23,4280
GammaHealth,2025-12-23,63.3,60.22,65.26,60.17,1066
GammaHealth,2025-12-24,59.82,56.54,59.96,56.38,3514
GammaHealth,2025-12-25,59.1,61.27,61.82,57.87,1693
GammaHealth,2025-12-26,65.48,64.78,66.59,62.88,3074
GammaHealth,2025-12-27,67.13,65.43,68.91,64.77,3190
GammaHealth,2025-12-28,67.64,66.03,69.5,64.77,2523
GammaHealth,2025-12-29,70.68,71.32,71.34,70.33,1564
GammaHealth,2025-12-30,67.73,67.25,68.0,67.08,1589
