OrderID,OrderDate,Category,SubCategory,Region,Sales,Profit
b14cebe2-3a93-4fbb-babf-3085b8bfcd44,2025-06-11,Furniture,Bookcases,Central,921.85,101.45
1294aa0a-4ac9-481d-8890-520ee0777212,2025-09-08,Technology,Accessories,East,839.01,97.66
f1b2390e-1ebd-407c-ac5d-492ca94414bb,2025-03-07,Office Supplies,Pens,South,287.81,33.65
9f37c7b4-34bb-46db-ab34-4b6ad2884c5f,2025-04-04,Office Supplies,Binders,East,24.54,230.87
4eadd099-1f55-4280-a39d-5bf5e7be9c13,2025-10-05,Office Supplies,Pens,East,128.48,45.97
e2fbe024-f682-45b4-b6ad-c9c0e4974963,2025-03-25,Technology,Accessories,West,317.85,175.07
040cbf02-cd64-4b77-809b-eb29c83525b6,2025-09-01,Furniture,Bookcases,Central,216.97,110.04
55b15233-1d46-4dd6-b3a8-37cd78b885fd,2025-03-01,Technology,Phones,West,989.24,122.39
7939c072-fa7a-40d5-b551-5dc10be68d0a,2025-07-01,Furniture,Tables,East,398.65,-67.98
9e537c3e-67f1-47e8-982a-d3f0681f6e0b,2025-07-13,Furniture,Tables,West,159.17,-27.63
7866c44a-e875-46b9-b940-487e4a6d8f03,2025-10-22,Office Supplies,Paper,East,495.3,134.58
2b5d618e-d4a1-4ea6-957f-2468c77092ab,2025-10-04,Technology,Phones,West,845.15,155.04
8c32e00e-2c64-45e1-8615-a55609da6fee,2025-05-21,Technology,Accessories,South,372.94,115.81
d7a7af5e-be03-4a81-8227-4d6e756ad8e8,2025-07-08,Technology,Accessories,West,770.94,240.81
9293abd9-c2f9-44d9-918d-0a883bc35984,2025-11-18,Technology,Phones,Central,347.18,99.53
a8953964-4612-412d-981e-3002313ebf56,2025-08-08,Technology,Phones,East,918.16,152.33
0bcf5a06-05b2-466b-969e-ba4eaab97424,2025-09-28,Office Supplies,Binders,East,928.19,79.28
f08a9c86-60bc-4ea2-98bb-a6b673a257fb,2025-12-29,Furniture,Tables,Central,285.24,181.21
2ed33d7a-fb35-4c83-9187-7fb88f1fe448,2025-02-14,Technology,Accessories,Central,763.82,261.33
db62d281-8a73-4fbb-96fb-28cf2ba7a970,2025-03-21,Office Supplies,Pens,Central,868.13,-54.36
684173a7-1f66-4d27-8853-c949c7dc4bd2,2025-01-15,Office Supplies,Paper,Central,970.12,293.83
00213b4c-ff7f-4b0a-b60f-18828ef5ffc6,2025-04-02,Office Supplies,Pens,South,353.03,-50.45
4c5c4cfc-a0ea-4d3d-bd0b-5d6991a9f312,2025-02-15,Furniture,Bookcases,West,470.32,291.17
66f61e44-9b3f-49ec-9f06-c97130ce94d2,2025-12-01,Technology,Accessories,Central,559.91,220.82
af6b695f-0d04-4bee-a5d4-e0acbfc13fc3,2025-12-11,Technology,Phones,East,58.21,-56.29
9f42b864-b0eb-45cd-8fd8-be61bce2880c,2025-03-24,Office Supplies,Pens,Central,866.8,195.77
46b1349f-d9cc-43f3-a1bf-be83787b5243,2025-11-24,Office Supplies,Pens,East,859.54,-98.2
ff1e519c-29d1-4eab-88c1-3041b22dd73c,2025-12-21,Technology,Accessories,Central,407.34,258.25
5d961859-effb-4ab5-9b3a-1f97a1d1ef72,2025-06-23,Office Supplies,Paper,South,854.81,19.58
2318e8ad-6236-4615-96a8-cdac1a868857,2025-09-22,Office Supplies,Paper,East,887.69,-24.96
75d6b3ce-5a3d-49c6-bae2-6e687b43bf88,2025-07-29,Office Supplies,Paper,Central,998.76,18.54
d73f15bc-63de-4f98-8c32-6f0f064d7264,2025-06-05,Furniture,Chairs,East,997.6,180.35
11ed357f-c38f-4915-b6d5-31112e82d259,2025-10-12,Furniture,Tables,South,143.02,46.15
8dd276e1-ca03-4257-a731-2073c8239e6b,2025-12-25,Office Supplies,Binders,Central,458.75,153.82
b6a780c0-07d3-4158-8b95-a1e5b603e662,2025-01-14,Technology,Accessories,South,545.45,13.82
f1ebe6fb-938c-48be-be5a-3337030d3b97,2025-09-04,Furniture,Chairs,Central,909.97,111.82
2662a44c-714a-492d-b204-cb27e002d658,2025-12-22,Technology,Laptops,Central,248.96,29.0
0fa9c395-63b2-48c8-8b50-89a2f3143a70,2025-09-19,Technology,Accessories,East,565.87,216.79
18c6a4fe-d777-4dab-a4c6-0de773a75a44,2025-01-19,Furniture,Bookcases,West,677.85,225.86
c375596d-8ce7-45a7-92a7-a651b6c791f4,2025-10-25,Office Supplies,Pens,West,566.55,-59.24
0849d76e-3481-4fbd-8762-5e1adfad2c4b,2025-01-24,Furniture,Bookcases,Central,45.48,283.91
84618b43-8454-4e84-939e-47ca8c950450,2025-10-03,Technology,Phones,East,74.88,82.05
7bd7911c-93b5-45e5-958f-bcb26add0373,2025-02-24,Technology,Phones,East,390.66,-75.79
37b1c726-0dd6-4c00-9cfa-3c4ad2a4b01c,2025-09-12,Office Supplies,Binders,South,400.18,66.64
5bcf5000-ddc9-4c07-b0a8-45557e94fe68,2025-11-02,Furniture,Tables,South,513.09,95.8
b7f0a03a-c9bb-4e52-a265-f398335b133e,2025-03-22,Technology,Laptops,Central,842.79,4.14
0c05eaae-9cb8-423f-b1af-2deef7a18d7b,2025-02-19,Office Supplies,Pens,West,235.97,32.29
732c859a-2ab4-400c-a207-ab515f6d6123,2025-07-16,Technology,Phones,West,714.44,-39.82
5cd95e02-a973-4f27-b936-521cdca3cdb4,2025-11-29,Technology,Phones,South,196.44,-87.49
dce7fdaf-0f98-44d9-accc-757e5fbb3601,2025-10-04,Technology,Laptops,West,573.52,136.08
a4967e9e-3b57-44fe-a17e-01db03b6874a,2025-06-20,Technology,Phones,South,171.12,209.17
c188d0e8-e8fd-41fc-998c-5614e2a08d5c,2025-01-30,Furniture,Chairs,East,459.91,141.37
c69a8251-99ae-434b-bb16-6337c132f183,2025-11-07,Office Supplies,Pens,South,801.22,140.29
daa963bc-3dd3-4258-8b3a-2262026cdf04,2025-09-07,Office Supplies,Paper,Central,87.33,-88.07
369da5b9-e87a-41d3-81f3-3051ca0eca1f,2025-05-05,Office Supplies,Pens,East,711.01,195.43
beeb93ab-afb3-4eb1-b81a-6b0fc70d462c,2025-05-29,Furniture,Bookcases,East,134.77,-42.51
9beee4fd-b2e4-488d-89ca-3afe6050eb93,2025-11-17,Office Supplies,Pens,Central,13.97,-93.37
157d406a-266e-4489-82f9-572a31c32d9f,2025-11-15,Furniture,Tables,West,898.33,252.15
dbdbee0c-58b8-4f57-a411-e3a9eb9909fa,2025-04-12,Technology,Phones,West,598.62,17.9
38a8eed8-1628-47df-a1b8-cad63728f040,2025-12-25,Technology,Accessories,East,599.76,-7.49
3ddab48d-8910-4c88-ad09-ccb9c3145bc3,2025-10-25,Technology,Laptops,Central,402.2,171.05
ad1e9aec-02b7-4b83-80bb-4ff1d5393103,2025-03-30,Technology,Laptops,West,983.58,67.71
34cc2d85-ee02-40c5-b385-c0e3e7234ca8,2025-08-23,Office Supplies,Binders,South,413.88,-62.37
444ff043-fb5b-4e2d-a1f0-95ae1d2f1533,2025-04-26,Technology,Laptops,East,157.88,284.62
d0059fe9-cc65-47e1-b252-c6bb3eacf9a4,2025-01-07,Office Supplies,Pens,South,220.03,87.92
fb511ca7-34ba-4bbb-bb74-b088381370c8,2025-08-15,Furniture,Bookcases,Central,521.85,196.69
130ec81a-db91-47dc-911d-50cc05c7bc80,2025-07-22,Technology,Accessories,Central,904.93,246.23
d834d935-3177-4efa-8508-effcc38d8c60,2025-10-18,Office Supplies,Binders,East,746.16,-90.74
dddb37e3-ff76-4c59-a875-d69b5f304792,2025-01-26,Furniture,Bookcases,Central,400.68,27.65
12771881-9845-4777-87a2-531110b25d32,2025-08-04,Office Supplies,Paper,West,605.76,274.15
f931e464-27b0-4b4e-8575-3faff0b5f80b,2025-08-21,Technology,Laptops,West,139.8,-34.85
c6a70e79-cfac-45c0-9dcc-8e9525948be1,2025-01-17,Furniture,Tables,East,251.16,-60.43
bb0bbc33-1c97-4a0e-ab27-ea770f5f6774,2025-07-10,Office Supplies,Paper,West,193.91,108.8
02c0a73e-937f-4ba7-b9b9-69ac8784d97e,2025-12-15,Furniture,Chairs,East,486.68,283.73
2caa9f40-c265-474d-aa1e-70e03bf8cdc5,2025-10-07,Technology,Accessories,East,301.83,205.92
b2dbae96-90ef-4212-b4ea-fd68ea6f4623,2025-01-06,Office Supplies,Pens,East,982.54,281.2
6fbd8a8d-27c5-42be-a2bb-e39d90050e67,2025-10-11,Furniture,Bookcases,West,106.01,238.32
5b904e1b-9b4a-48da-b4c9-ff5f00f58f95,2025-11-01,Furniture,Tables,Central,260.72,-35.88
48cfc84b-5a1c-4a1c-9857-90c220a7b807,2025-04-05,Office Supplies,Paper,Central,377.54,61.94
62ed9f3b-bd41-48e5-885b-0bba6e87b319,2025-10-17,Technology,Accessories,East,942.12,-51.74
3dd1b2d8-2bf0-4c0f-a5fa-2973115b6b2f,2025-10-28,Technology,Laptops,West,187.7,65.43
645540bf-eed0-4d56-8c22-ed88bacfe587,2025-04-16,Office Supplies,Binders,South,852.82,249.83
c8fbaa3e-4756-4613-a23c-53e3ecb5c900,2025-09-01,Furniture,Bookcases,East,169.64,276.01
6e2eae64-7685-4c89-883d-51d3bc863f6f,2025-06-26,Technology,Accessories,West,495.7,111.9
9a812b20-edb4-44d5-bb46-05f4340a8f25,2025-08-22,Office Supplies,Paper,East,952.73,92.81
0066d3df-28a8-4107-a96e-506163b9731e,2025-06-12,Technology,Phones,West,215.64,1.27
73fc4f52-6fea-4ff8-89f9-83666b615487,2025-12-31,Furniture,Chairs,South,612.05,86.01
00fd20d1-e174-4abd-99c5-f15efa9b0078,2025-10-24,Furniture,Tables,Central,988.72,227.32
f7c1b0eb-acb0-4aee-b1c4-a75766ff9d0e,2025-03-04,Technology,Accessories,East,347.97,-79.96
dbe6cbd3-4aa8-4236-837c-ec353b107dec,2025-05-18,Technology,Accessories,Central,753.33,217.45
056696a3-3807-4847-97d3-e8477a29cde0,2025-09-18,Office Supplies,Paper,West,12.29,297.35
a879a2c9-5349-4da1-833a-2a7fb8e39664,2025-07-17,Technology,Phones,West,137.74,-39.07
723db451-77e1-4a4d-8791-f2a8a2f381a8,2025-05-09,Technology,Phones,South,728.92,84.44
0b74488e-494e-4f2d-9cd0-3717879297ad,2025-07-12,Office Supplies,Paper,East,950.56,37.09
b0114e0a-c840-44bf-bc01-e7bf11d41a47,2025-06-01,Technology,Accessories,South,455.14,257.0
e9a8765c-6cb1-41f2-b5dc-e9b69e29c85d,2025-06-21,Furniture,Bookcases,West,663.4,20.99
48323467-97ee-4d96-b182-4982096ea0b9,2025-08-10,Furniture,Bookcases,Central,566.2,187.91
84594fb2-95f4-4c68-91d0-e076b71fa770,2025-07-31,Technology,Accessories,West,650.6,36.94
f9337b17-e636-4abb-b673-b4a9e09e164e,2025-03-05,Office Supplies,Binders,East,670.82,162.21
ae4592f0-2346-42dc-bdab-51c0f871263f,2025-09-03,Furniture,Chairs,South,205.83,211.26
b2eb1d21-da66-4147-a4d1-94482372f647,2025-10-30,Technology,Accessories,Central,282.4,-44.54
fe7dc48b-015e-4eb3-8d71-e3c415baf2f3,2025-02-02,Furniture,Bookcases,South,210.5,116.83
15b04e41-7692-4eb7-9a8c-e3f937b6fd84,2025-04-03,Technology,Laptops,Central,629.22,28.2
8cbd67b3-730d-47e0-8306-63f6a4dd379c,2025-04-25,Furniture,Tables,West,33.0,60.02
979999ef-f102-4bdb-a986-678b1a5864b4,2025-10-28,Technology,Laptops,West,855.44,28.89
a3b51f67-84dc-44e9-aa0a-57f4080a83ec,2025-05-15,Technology,Laptops,West,340.77,-2.32
069b6bfa-3f52-413b-b11a-39c3f648f11a,2025-01-24,Technology,Phones,South,747.54,205.87
5e7640a2-6ae2-404a-b17e-2d4e60bbff41,2025-07-18,Office Supplies,Paper,Central,247.82,157.93
159bf468-5a9a-4b4a-ab4f-4edcb09f2b92,2025-08-21,Office Supplies,Paper,Central,226.67,226.42
c0a46122-3719-44d6-97af-093cb0886923,2025-12-29,Technology,Phones,West,342.77,219.0
cec99e1d-966d-4649-97a1-4d31319626f2,2025-05-25,Furniture,Bookcases,South,396.16,299.44
97c6254a-3718-47fb-8614-f6a100f8d311,2025-07-30,Technology,Phones,East,623.47,273.16
c9cd6dca-6111-4e39-9a12-d8a9840bdd73,2025-05-31,Office Supplies,Pens,East,277.93,253.94
70a9a481-d1fd-4b8d-aa3c-603ed9353280,2025-03-03,Office Supplies,Binders,Central,184.59,69.4
547a16a7-095f-4208-b4ae-3684c5e8201b,2025-03-16,Office Supplies,Binders,Central,992.12,299.77
8fb4064c-19c9-4176-818a-862d382ebe6c,2025-04-10,Office Supplies,Binders,Central,976.9,27.33
928519ac-c45b-42ae-bdd2-05d56b43f6e7,2025-08-19,Furniture,Chairs,East,359.8,214.99
1247e6b6-a1db-47cd-9421-da2a4a0cc37d,2025-08-01,Furniture,Bookcases,South,328.33,199.53
4733d724-87c1-4d53-9872-4d275d4ad04e,2025-09-25,Furniture,Chairs,South,880.28,-61.56
7ff13916-d872-426f-8e5d-c8d92cc04dc6,2025-12-07,Furniture,Tables,West,62.28,-99.79
c05afaa6-6bbd-4e06-9adc-9825de6fae10,2025-08-30,Office Supplies,Binders,East,824.9,-32.8
ad7a1f0b-bfdc-4e17-bb27-636ca2bdfc64,2025-03-06,Technology,Accessories,West,543.55,227.68
215fe841-a33c-4e89-896e-11c0e0eedfb6,2025-05-31,Office Supplies,Paper,Central,754.81,101.67
51b40fa6-a6b3-41c0-970c-3bf697e8701e,2025-08-19,Office Supplies,Paper,West,227.0,-16.65
4f6e212d-311e-460f-b387-04663952fcb2,2025-08-30,Technology,Accessories,East,183.59,229.24
1b54faea-1e49-4664-bce2-022fa08405e0,2025-11-11,Office Supplies,Pens,South,657.0,79.49
49af73df-75b7-4079-ae75-f4a71f0f53f2,2025-01-17,Furniture,Bookcases,South,200.38,-11.68
00e04a62-b9a6-4bd4-ad1e-fc5ec979e5b5,2025-04-07,Technology,Phones,West,570.76,120.36
a05aa90c-7191-429e-a976-9b42f52dd449,2025-06-21,Office Supplies,Paper,East,605.54,94.48
a4ac6228-0593-4762-9244-2dc109624c45,2025-03-30,Office Supplies,Paper,West,828.35,124.49
566e9350-4e32-43d8-b191-ea10553fc15c,2025-11-02,Office Supplies,Binders,Central,568.45,170.66
8ebe35c7-f797-452c-8871-ffd6c856e8e3,2025-10-15,Office Supplies,Binders,East,895.57,158.52
3c26e179-efb0-4d57-a4ec-1537f59a5f79,2025-03-04,Furniture,Chairs,West,936.19,-76.21
627d70e4-e959-4219-bfc9-2c6abbfafc34,2025-10-21,Office Supplies,Paper,West,682.73,-14.36
4a66172d-4e8f-472e-978d-05521e4b0458,2025-06-24,Technology,Phones,West,143.35,244.11
3432e9ed-d6bf-489c-9a63-2f6b63759434,2025-12-11,Furniture,Tables,East,363.8,5.92
b5a1feed-b947-450d-9008-861ddd8db775,2025-12-20,Office Supplies,Pens,South,108.83,-57.04
da54791a-4bfe-4ed1-ba2e-26b116e7ab86,2025-11-17,Furniture,Tables,West,853.86,201.71
3e0f4f0b-314d-4977-b06e-daf229ac1c16,2025-07-23,Office Supplies,Binders,South,407.25,29.57
4ee17653-62d7-467f-8438-e5870e4b617e,2025-03-12,Office Supplies,Paper,South,178.64,291.45
0fad7761-3f0a-4d78-8e0e-c820344493a7,2025-01-16,Technology,Phones,South,403.55,133.9
6c15f307-4568-4e96-b6cc-d093e5fad15b,2025-10-22,Furniture,Chairs,East,112.25,246.46
8807786e-00bb-43cd-a8a5-caee5d1b02bb,2025-07-24,Furniture,Bookcases,West,636.82,270.71
47b53962-dab2-4976-8326-8d4a3f10a4a8,2025-09-02,Office Supplies,Paper,South,456.54,127.17
006a1a52-d996-4a88-954f-3a187655414e,2025-08-19,Technology,Laptops,Central,352.27,51.44
27a7cec7-914c-4b90-83a5-17c2190a6bc1,2025-04-12,Technology,Phones,Central,395.21,-14.18
6f80a8d3-96bc-461a-9e27-40abffb609fe,2025-06-22,Furniture,Tables,West,928.23,138.96
32cbdbeb-fdde-4794-90d8-98fa95b22e01,2025-01-20,Furniture,Chairs,Central,398.56,269.56
45ed2fae-5724-4855-9b64-53beee0daa26,2025-01-24,Technology,Laptops,East,567.04,-89.39
23185c91-24e0-41c9-83c9-afefe2cea954,2025-07-03,Furniture,Bookcases,East,471.1,-97.81
0ee6805f-818f-4bac-8e50-1c29bb974a6f,2025-01-05,Technology,Accessories,South,569.43,8.14
d3afa213-522c-4df6-9c51-b8cab15c0bdb,2025-07-03,Furniture,Bookcases,East,541.12,286.17
5a412298-fb87-461e-bc17-e2195702c463,2025-01-26,Technology,Accessories,East,879.37,49.79
4911bbba-5335-429b-baca-fae8f272cb6c,2025-07-09,Furniture,Bookcases,Central,568.75,292.86
1419e96a-2f55-4138-ad9c-74d67692a311,2025-11-15,Office Supplies,Pens,West,127.22,217.9
d9f8a3f0-f3b2-4c85-874d-a8819e73b376,2025-09-12,Office Supplies,Binders,Central,875.59,-90.41
d809d429-90b3-4eca-b917-649e1622e922,2025-06-03,Furniture,Tables,Central,671.65,50.69
3bb78472-3460-4e23-b5ae-009317da3f30,2025-07-16,Office Supplies,Binders,Central,527.03,-14.27
c98cc818-25d2-4f39-82a1-18cfdc0c376a,2025-10-25,Office Supplies,Paper,West,947.85,62.0
f6f558e2-1730-4da2-abd3-1c5ce8a7d46d,2025-12-02,Technology,Accessories,East,655.15,248.56
5dab3009-feca-407a-bedb-6df5355e24a9,2025-08-20,Technology,Phones,West,539.25,297.42
155f8263-d5a3-4c0b-8806-9b4ff57195ef,2025-04-18,Office Supplies,Binders,East,308.75,261.2
66c4141e-b1c4-4bef-96bc-df276411e0b8,2025-02-02,Office Supplies,Pens,South,69.23,233.88
137ff7ca-7992-4c71-a79c-3afd67722810,2025-01-31,Office Supplies,Paper,East,571.77,58.89
5d08874f-86f1-4b32-a529-e1f6a0742c33,2025-09-17,Office Supplies,Binders,South,197.47,14.42
37188020-d46b-44f9-8b0a-7e9e8f7297d7,2025-02-18,Technology,Phones,Central,710.77,232.01
38d47e20-09ea-4763-be86-228b7ec422f7,2025-05-17,Furniture,Tables,South,797.83,118.27
087de774-1be2-4674-a707-d0dc1346e762,2025-01-11,Furniture,Bookcases,East,707.79,93.18
d9ca3964-6de4-4591-928c-a5c78b9f77b9,2025-10-21,Office Supplies,Binders,West,98.86,-69.03
a242b250-1f73-4328-b659-40dc1f9bb034,2025-01-26,Furniture,Tables,East,616.1,-85.93
0a00fd37-9b19-42df-804d-29fa61bc670a,2025-03-08,Furniture,Chairs,South,520.6,274.47
38d3fd25-8aa9-4331-9842-0a26eac88d91,2025-12-14,Furniture,Chairs,Central,162.07,-74.67
402d8789-38a5-4881-940c-f3ccdea2eedc,2025-09-27,Technology,Laptops,South,629.73,-19.25
4bf7b71c-6e30-4017-b222-d178ed7ad639,2025-02-19,Technology,Laptops,Central,949.35,39.16
aafa18f2-11ad-471f-b5ae-5c8a22ce4a6c,2025-05-19,Technology,Laptops,West,384.53,208.31
9bfc7e29-2e6a-4c6f-82a0-d8cea984883a,2025-09-05,Office Supplies,Binders,Central,656.66,169.14
7e433b2b-3529-49d2-b0d2-781b937fbe96,2025-02-05,Technology,Accessories,Central,937.3,-24.84
fac5e346-5630-4cfe-ac91-5719e0e27c7c,2025-06-25,Furniture,Tables,Central,513.11,74.67
55dcf86b-9e6a-443d-8e18-5c3a70f73cb8,2025-01-29,Technology,Laptops,West,76.16,137.18
a0878f7e-91c2-41e5-9897-68488660be79,2025-12-13,Office Supplies,Paper,Central,981.57,87.6
42967cd2-fee4-44e7-888a-9c6d411bc074,2025-03-14,Technology,Accessories,East,651.7,212.7
4d7e5a6f-1c8a-4ba9-aa4a-2dc7d7a2feab,2025-02-22,Furniture,Tables,East,634.75,39.07
221cf45e-2592-4c5e-99a3-798172d5ae0b,2025-04-18,Office Supplies,Pens,South,430.83,224.85
d3608459-9a62-4321-b3b2-07630461d632,2025-07-17,Technology,Accessories,West,223.34,198.08
d9124dbf-deb0-4f90-8d6c-581cd5838819,2025-11-20,Office Supplies,Paper,Central,895.74,9.03
e0eafb53-1831-4687-a9d0-653036db00e2,2025-11-05,Office Supplies,Pens,South,205.69,16.53
3ed049b5-92cb-4ec9-87be-787aa98c5dcd,2025-10-31,Furniture,Bookcases,South,183.43,43.07
825d03b5-2982-4c8c-9403-4bd456ba7cb4,2025-09-23,Office Supplies,Binders,West,315.25,-49.09
33e22a7b-671c-481b-a4a1-a8d0bf57c234,2025-07-30,Furniture,Chairs,East,784.39,199.2
1ef2822e-99a3-452d-8201-393b1811ad77,2025-03-07,Furniture,Tables,West,248.35,44.32
4566ad3d-1738-4d2e-ac81-d645722c915d,2025-04-13,Technology,Laptops,West,754.26,25.54
b1a39ae6-0c51-4a3c-bdc4-118a7e285ec3,2025-07-24,Office Supplies,Binders,East,309.93,47.71
3f76787f-5a8b-449f-924c-b3fff90fb578,2025-08-20,Office Supplies,Binders,South,646.57,246.87
85fad95b-8299-4f75-aba4-9dc23182c614,2025-02-10,Office Supplies,Paper,West,909.52,216.58
19d2297a-0cf4-4b73-a06a-7391dd7e72c3,2025-06-03,Technology,Accessories,East,499.37,62.94
cf3c6032-d25f-42cb-8dbf-951141d60bd9,2025-03-01,Furniture,Tables,Central,117.57,-9.93
722977df-4246-4120-be4b-d3661763bebf,2025-05-02,Office Supplies,Pens,South,891.0,25.74
a01f9bfe-34ab-478e-b9b0-569de64ada4b,2025-05-24,Furniture,Chairs,South,939.42,37.86
cbadf731-8f41-4bc3-b61e-2367c201350f,2025-10-11,Office Supplies,Binders,East,67.37,279.72
8e10c439-7275-4ecf-9433-a8fa8b25c443,2025-04-27,Technology,Accessories,East,200.0,-29.82
c6abda23-3cbd-466b-bec3-393cf9a1d8f5,2025-03-26,Office Supplies,Pens,South,680.93,225.79
fe976afc-8757-496e-b858-14b3a7e2c640,2025-01-13,Technology,Phones,West,271.95,71.98
26eb97c5-a4c3-4fd7-b214-8c36232c35ad,2025-05-23,Office Supplies,Pens,South,384.53,234.05
a4407635-9c5c-4f35-b56b-c6e50a97d784,2025-06-06,Technology,Phones,Central,994.14,-84.54
f374cb16-e10d-4f27-a974-1d5fab24903c,2025-03-26,Office Supplies,Pens,South,401.28,198.83
861bb6bd-a3de-4fdc-977b-c4868da76aa4,2025-10-21,Furniture,Chairs,East,415.95,91.77
1a0ca5fb-0fd8-4d3e-8577-60ec8ec64f12,2025-11-12,Technology,Accessories,Central,417.73,61.34
974eff69-6e03-4e77-9d0b-8a21e70f5833,2025-04-09,Technology,Phones,South,757.03,-60.88
6570bd76-2185-4536-8ecb-58e8296ff289,2025-08-06,Furniture,Chairs,East,296.54,218.42
31609046-4edb-4122-9343-0b0615c59cf1,2025-09-25,Technology,Accessories,Central,281.39,1.89
d83f8539-f0ed-4d41-936a-fd08b800c615,2025-01-26,Furniture,Tables,West,848.2,59.68
0ce88964-f56f-4aea-ac52-3e9d7ff2dad9,2025-05-12,Technology,Phones,South,785.08,-15.63
3c00483a-f18f-4d8a-bdec-484e25b35519,2025-12-05,Technology,Phones,South,60.03,246.97
cbcab528-7749-42f0-8b5d-1f1b21c876ba,2025-03-29,Office Supplies,Paper,Central,137.01,212.34
7ffa6de0-2768-4b0b-b3ad-0cd2e2254729,2025-12-11,Technology,Accessories,West,532.18,197.91
db8a054f-7069-4c80-b41f-21ac10d45981,2025-09-17,Furniture,Bookcases,Central,126.67,-4.66
de642565-5e88-45cc-835f-293f0e5c38c6,2025-02-21,Furniture,Tables,Central,789.02,265.26
3d8a4256-5f57-44cb-aaaf-2b74b09aebf5,2025-04-28,Furniture,Bookcases,West,527.86,-24.59
6bdff8ea-30d1-445b-a79e-62a3d774c7a8,2025-03-09,Office Supplies,Binders,Central,984.34,40.82
07d0959d-aa53-43e0-b844-ea183196b748,2025-01-05,Technology,Laptops,East,102.87,64.95
cd13fe61-4036-4bc7-b954-234d6d6fdf3f,2025-05-26,Furniture,Tables,South,980.18,253.41
46f351ef-5e5d-40d4-b11b-adf209694206,2025-08-31,Office Supplies,Pens,East,610.3,163.39
e13e40b6-7325-4f79-9e3d-220e1f8ad473,2025-01-30,Technology,Laptops,East,567.89,98.24
8326976a-f93c-45f1-9f15-07de1285060d,2025-02-19,Furniture,Tables,South,40.58,58.57
81e6f241-c64a-49bc-b692-bde29ae5454c,2025-06-18,Technology,Laptops,Central,867.94,198.43
c3d3a7cb-9a30-423b-acb0-5a688668f506,2025-06-21,Furniture,Chairs,Central,781.48,-1.72
8faac3b5-2caa-42ed-83c8-1788ddea521a,2025-07-23,Technology,Laptops,South,639.2,197.6
85016e04-8cd0-47e3-8b77-52d6de00cfcf,2025-07-20,Office Supplies,Paper,East,644.03,-19.39
26bd1f94-0cae-4b2b-a5f9-23e7834992ad,2025-01-11,Office Supplies,Binders,West,149.62,288.94
74541722-c754-4a17-b465-f92ffc91bf1e,2025-09-01,Furniture,Bookcases,South,177.44,-15.29
6f0b65fd-7eb5-4587-89f5-c6d320eb21bc,2025-12-09,Office Supplies,Paper,East,83.32,-46.98
027dba4e-9f9b-42a3-9083-a37076fda985,2025-03-24,Technology,Laptops,East,634.6,252.87
d5548872-0a33-4711-b362-722bd18bb36b,2025-08-02,Furniture,Bookcases,Central,352.6,87.06
14c2adcc-d2e8-41d7-82e1-67b075128854,2025-09-27,Technology,Accessories,South,162.0,-1.46
5ba93ddb-3c9f-4e34-bc29-c34e51aaaec0,2025-05-10,Office Supplies,Pens,Central,86.97,206.01
370d21fc-9e17-4f91-be42-ab3f8891324a,2025-04-24,Technology,Phones,West,910.7,18.01
9c59329f-25de-4bec-9996-9422cc51d353,2025-09-19,Office Supplies,Paper,Central,614.23,149.42
a91d54c0-c607-4472-8ae1-2b0dc386b668,2025-04-29,Office Supplies,Pens,Central,685.76,-70.37
c11aed38-01d6-4dc5-ab19-b03c08676ed8,2025-01-02,Furniture,Tables,East,446.55,197.16
9a4c5e8a-5831-4b7f-8a36-28150eeea59e,2025-06-15,Office Supplies,Pens,West,762.82,89.02
e86de77d-8da0-49ff-82ca-cdbc6da0b81e,2025-01-26,Furniture,Bookcases,South,533.37,140.8
179cba55-7f72-467e-8dcc-b08ec4dae377,2025-06-26,Office Supplies,Binders,West,486.78,268.67
a7fa5873-cf79-4024-a435-5e189d0d4a96,2025-06-27,Furniture,Bookcases,South,189.08,-13.23
581da0b5-30ec-4a08-8d81-2a374a66ea91,2025-07-27,Office Supplies,Binders,Central,771.55,193.39
1a60eaf0-1774-4a31-b85b-8453d9a33165,2025-11-23,Office Supplies,Pens,East,175.69,150.66
b650ff3f-91f9-41e7-8333-c9f154bd0d80,2025-08-03,Furniture,Tables,West,762.05,-7.73
f6ea87d9-2b5e-4db9-bdc7-7149c3f78b59,2025-07-05,Technology,Phones,South,998.84,-10.42
350c4202-5edd-42fd-9696-fe1b499cda86,2025-09-27,Office Supplies,Binders,Central,586.62,297.41
900727dc-f4cc-4e61-8082-4e8761850cab,2025-04-12,Technology,Laptops,Central,933.6,-18.46
33c9ef72-3305-4cfc-a949-58ebae9df6e7,2025-09-12,Furniture,Bookcases,East,445.41,294.25
8abce544-4d32-4114-a41b-8f8fbd62a52c,2025-01-15,Furniture,Tables,South,327.64,118.91
6419c8ce-2987-4355-a943-906c673fa754,2025-05-13,Office Supplies,Paper,Central,414.24,199.67
82714f30-e5a3-4b0e-938b-553a0668d51a,2025-07-28,Furniture,Tables,East,852.02,78.51
81bdac1c-e8f6-4f2d-ac62-5841a848e7a7,2025-06-12,Furniture,Bookcases,South,30.94,26.54
245aa010-309b-4fce-9bab-8f056014b105,2025-04-25,Office Supplies,Pens,West,64.39,132.69
bd5dc4ac-a0b7-4e71-a490-f5612a4c6112,2025-11-05,Furniture,Bookcases,East,610.5,77.88
6f169fe4-f7d0-4f98-9143-66e72c9f4e56,2025-05-17,Technology,Laptops,South,20.91,-28.56
1b491624-6398-4db9-bb21-4c320b097499,2025-11-07,Furniture,Tables,Central,210.76,163.99
cbf37a7e-8d4a-49c5-9817-135cc26f8cbd,2025-02-16,Furniture,Bookcases,South,307.27,90.89
14daea5b-0057-4804-8001-4d53c7006e70,2025-12-15,Office Supplies,Binders,Central,358.69,184.56
9671439c-1c06-4b38-895a-32b65576bc0b,2025-10-02,Technology,Laptops,Central,778.88,224.21
1c83a22d-09ad-440a-986f-61dd1b373d39,2025-07-11,Furniture,Chairs,South,607.37,-1.77
5f56f769-674d-4291-b0cd-f9ec9fc09c6f,2025-11-02,Furniture,Tables,West,184.9,229.77
b087b284-ed9a-41f3-8394-5f82b5d41503,2025-01-26,Technology,Phones,Central,27.68,269.98
58215ff8-589e-4131-9300-e28c267412ca,2025-04-14,Technology,Accessories,South,906.84,288.28
a8db227b-f021-416a-a3b0-5ea35b3c6492,2025-02-24,Office Supplies,Binders,East,617.69,145.89
869161bd-e245-442e-a0a6-56d973c21a86,2025-05-04,Office Supplies,Paper,East,84.27,191.91
4bf16321-aa0b-4ebb-a940-f905a908765e,2025-06-28,Office Supplies,Paper,Central,319.09,287.78
3f5e3638-78a0-4385-9103-f1bbae831019,2025-08-16,Office Supplies,Pens,East,469.28,277.03
17c109c9-5c06-403d-a237-ff96b78a609e,2025-02-21,Office Supplies,Binders,South,384.42,240.69
7f570542-ac1f-458a-be9b-8d26e9f96c73,2025-11-16,Furniture,Tables,South,696.0,294.93
e672476a-04a1-4d79-aecc-25c1811df7c0,2025-04-29,Furniture,Chairs,Central,346.34,-71.5
d5a1c555-6905-4751-8548-bdd788300809,2025-06-28,Furniture,Chairs,West,847.24,108.03
c1ac5f5a-3e74-45e2-9579-81b0c97b407d,2025-01-18,Technology,Laptops,South,654.29,-53.64
5bb31627-1fd2-468a-bf35-5e4919df6874,2025-09-24,Office Supplies,Binders,East,690.66,-81.05
5c09d444-183f-4647-8540-fc6c38023408,2025-07-24,Office Supplies,Binders,East,420.21,108.75
a8fbab5f-ba44-4f69-aae9-860389a6c673,2025-09-11,Office Supplies,Pens,Central,654.82,-56.53
67408001-c5f7-4960-b889-cdd83efeca87,2025-07-18,Technology,Phones,West,400.13,224.12
f9bd9605-cf4d-42da-b203-d96b97d9eebc,2025-11-09,Furniture,Chairs,Central,519.98,37.93
4d06dbfa-bc90-4399-9d5c-433fe8488bc3,2025-03-21,Furniture,Chairs,East,942.98,-91.09
283e9dc9-ecb0-4cfb-9d21-23fb6239b4bc,2025-03-26,Furniture,Bookcases,West,636.03,271.67
c14331cb-03d4-4656-95ec-84179076d6fc,2025-07-22,Office Supplies,Binders,West,551.52,-41.3
4f8fd773-7c6d-4e00-9e13-d47acddcbb26,2025-12-03,Technology,Phones,East,844.23,29.56
f4b8dab9-0bd2-46f2-9740-40fcf0150c44,2025-07-11,Office Supplies,Pens,West,139.61,-79.31
1f3b3817-1a5c-47ba-9023-9e8037a3abfc,2025-12-15,Office Supplies,Pens,Central,429.42,272.04
e7c5cf29-93aa-4072-a088-ff20097c8c47,2025-09-28,Technology,Accessories,South,509.5,243.81
d5cbcf63-3437-4d3a-845e-bd2f8a2eefb4,2025-02-20,Furniture,Tables,South,535.42,290.61
3ab1e0b6-ffc4-46ae-927e-5c7647156b2e,2025-12-20,Office Supplies,Binders,East,397.92,-19.93
2b207343-ece0-4f4d-ae0a-7db7396dd275,2025-08-17,Office Supplies,Paper,Central,361.67,39.54
15e20c44-e09d-4d36-89a8-bd0acb616ce6,2025-08-22,Office Supplies,Paper,Central,854.1,128.78
6f8dfa09-fb9a-49f3-8823-0c3d04eeaead,2025-04-05,Technology,Laptops,West,499.65,-50.42
ca87ef39-0fb0-459b-a649-aa269a19dab5,2025-11-14,Furniture,Bookcases,West,808.87,274.76
8ba928fe-e552-4c1c-9724-e88449d34dd3,2025-04-25,Technology,Laptops,Central,348.12,-34.86
5778cd12-2aad-4bed-9541-ea9ace23bb43,2025-10-28,Furniture,Tables,South,616.98,-94.35
423cb61b-01d2-43d3-b23c-6608e39d2f5a,2025-01-21,Office Supplies,Binders,East,247.85,9.56
f985effa-1636-4956-b6cb-7857d3d1f253,2025-10-22,Office Supplies,Binders,West,384.83,54.07
d7d47306-41a2-4899-b3b5-a5fda732e859,2025-05-25,Technology,Phones,East,210.09,202.66
e37e8808-22e5-40c6-91b6-68112418c7c3,2025-06-30,Office Supplies,Pens,East,536.51,25.83
b8c93fe5-9d8c-4ab6-a725-70ceadfeabc3,2025-07-10,Furniture,Bookcases,South,440.01,206.75
89240c72-51aa-44c5-99d3-4a09209ae017,2025-01-26,Furniture,Chairs,East,103.4,297.71
5cfbbf08-99a6-47cd-af8e-379a5247f884,2025-11-13,Office Supplies,Binders,Central,772.49,219.69
751a0fda-3e86-4e0a-8358-c3a81d4abe72,2025-11-26,Technology,Accessories,West,283.16,65.67
20488a64-1258-432f-9b10-3545718071dc,2025-01-11,Furniture,Tables,West,430.85,251.76
de314d0d-5939-416a-87ea-bc77e326e341,2025-07-29,Technology,Accessories,South,334.53,101.0
777adc26-68a4-4c8d-a91f-d569a688ba7b,2025-12-13,Office Supplies,Paper,Central,358.41,126.32
06a82f7f-322d-44f7-8557-0994041e90d6,2025-09-29,Furniture,Bookcases,South,970.07,213.89
a716c686-aefa-464d-8ea6-8b95265b0851,2025-01-27,Furniture,Chairs,East,178.28,227.29
2c0b1f62-211d-46b8-b76f-9e429fb2100f,2025-01-26,Office Supplies,Binders,East,124.03,125.54
ede6ded0-2b8d-4d4b-a0cd-3042e134df11,2025-10-27,Furniture,Tables,Central,76.85,104.9
53003d42-0305-4c2f-8c76-b942918dc152,2025-11-18,Furniture,Tables,West,937.68,257.89
eceed2b7-4555-4fb6-9bac-a91a831db6b8,2025-09-01,Office Supplies,Binders,Central,448.23,-37.48
89f257c5-54a1-4fec-a2c6-c3eb1e667716,2025-07-18,Technology,Accessories,South,873.81,92.95
0360fced-35dd-4253-8616-ec5a9d5fccae,2025-06-01,Furniture,Bookcases,East,948.02,25.89
b838e5db-54c4-4840-993c-467a8dbb8cb4,2025-08-02,Furniture,Tables,Central,198.14,259.35
759beb09-2f1c-4396-8f2f-cca7e5691b72,2025-05-30,Furniture,Tables,East,657.19,35.61
6109f97c-f6bb-4f22-a17b-bdd9ba11f651,2025-01-19,Office Supplies,Binders,South,751.03,250.51
8c258489-3a11-4878-85d0-6e5e35b41b8b,2025-02-17,Technology,Accessories,West,303.9,-75.75
2822a84e-d6f2-4fa0-82b7-6c54b90c5e63,2025-08-13,Technology,Phones,Central,204.99,4.76
1f0aae88-24a8-434a-aead-6796781e0244,2025-04-23,Technology,Phones,West,774.14,51.55
5d54045a-0130-480f-b4dd-01b6736cd96d,2025-06-24,Technology,Accessories,West,910.7,217.47
e22699fc-9e7b-4771-91d5-df8f420ab807,2025-06-18,Furniture,Bookcases,Central,463.79,-62.89
83d585d5-267f-4ede-b7fc-2199bcbc02a1,2025-04-01,Furniture,Chairs,Central,512.6,189.37
d5842bc1-1e38-4c0b-837d-530903985a19,2025-07-22,Office Supplies,Pens,Central,844.03,247.62
63aa057d-4cb3-436b-8b4f-410544992730,2025-10-14,Technology,Laptops,Central,861.74,159.36
65c62ab4-04b7-4c7e-8ada-55e31dad19b6,2025-04-18,Technology,Accessories,West,212.32,-62.57
50753a2a-1a94-4bb5-8659-3596892b4b9c,2025-10-20,Furniture,Bookcases,East,299.39,288.83
2777934c-cded-439d-9388-0d0b6d6f27e6,2025-05-24,Furniture,Chairs,West,49.13,191.39
255cfe35-5a69-4d78-afb9-773d23766d7c,2025-04-09,Furniture,Chairs,South,949.39,202.6
edd81b53-698e-434a-ba87-2199f81612a2,2025-11-28,Furniture,Bookcases,West,526.5,72.46
06f7c500-e1c2-422e-8dc2-1ec33f91245a,2025-01-02,Office Supplies,Pens,Central,87.96,53.87
2877ae2c-5b0d-4f9d-b0ad-53eb89c8b8d7,2025-09-22,Office Supplies,Binders,West,766.44,98.52
5556014b-303f-4243-bec7-ba65fb716cfc,2025-12-07,Office Supplies,Binders,South,409.24,-67.89
24d8b732-b490-47d5-af9a-97942f32b927,2025-11-17,Furniture,Chairs,East,577.9,99.2
15768a18-853b-44b0-9816-e4354cbe44de,2025-03-05,Technology,Laptops,West,147.19,71.36
8cc65791-c420-4fb2-a209-b311757c5784,2025-06-12,Office Supplies,Pens,West,78.45,-31.87
f5fe90fd-c1ee-4fdc-8051-21b59b4ee5d5,2025-09-17,Technology,Accessories,South,726.51,-73.44
0ae81406-fb11-48bc-a187-153c44c56778,2025-09-13,Technology,Phones,East,65.73,241.45
e85e2c07-114f-4b80-ae9a-a8e31c2135fd,2025-07-29,Furniture,Tables,South,797.57,95.56
6903a9d4-0f36-4719-8ad6-e6e2812cb71c,2025-06-06,Furniture,Tables,East,61.23,91.06
e0c0b20f-af41-485d-8623-8f595e4d7d85,2025-04-25,Technology,Laptops,South,270.68,67.43
429caf53-eb7d-48dd-82bc-735deb166b0a,2025-07-28,Office Supplies,Binders,West,312.43,0.34
a7f6b573-ecc3-40b1-888f-95f76dab00d9,2025-02-16,Furniture,Chairs,South,606.1,-46.49
b3c28d26-2416-454b-84e7-22c3fab6612d,2025-07-25,Office Supplies,Binders,East,18.53,-81.1
be966ed9-4d04-4697-80eb-de5753268ec1,2025-12-15,Office Supplies,Pens,West,750.59,-71.26
2d9ecc02-f6d3-4cf8-a537-f341630b7865,2025-06-10,Technology,Accessories,West,599.24,296.5
aaf0ae38-f742-42ca-bd75-16b1f968c9c0,2025-11-16,Furniture,Chairs,Central,559.7,138.58
9b1e47ce-2302-48bf-ad30-234cb10466df,2025-08-11,Technology,Laptops,South,254.79,122.35
3a25d97f-aec7-4a6a-8a0e-6a3241829589,2025-01-25,Technology,Phones,Central,685.08,289.84
232a771b-8f91-4123-8571-3f119e52cad9,2025-08-26,Furniture,Bookcases,West,244.33,111.05
c3347dd6-beb3-4018-9f01-392723a078e6,2025-11-16,Furniture,Bookcases,South,206.0,206.13
f1229111-7723-4943-85a7-e1c10627230f,2025-11-23,Office Supplies,Pens,Central,694.93,152.65
4c22f5eb-d586-40b2-ac3f-c430fb16fcf4,2025-04-13,Furniture,Bookcases,South,590.31,28.99
5b8112aa-bd77-4a61-9621-67ffe6e09b7f,2025-10-23,Furniture,Chairs,Central,442.76,202.45
c0598fd6-bb65-4292-8467-df0ee61d900c,2025-10-19,Office Supplies,Binders,East,544.04,92.55
39103e95-5bf2-459f-a213-60b8ca187230,2025-02-24,Technology,Laptops,West,589.34,162.93
366f6f06-6db0-4f9b-811f-17c7f8cee719,2025-03-18,Technology,Laptops,West,628.51,115.0
09ac0387-5589-4c54-9cfb-2417cbac1366,2025-02-26,Furniture,Chairs,West,874.26,171.62
a77c4761-12c0-4c97-b643-f7f53c8a6397,2025-10-12,Technology,Laptops,East,736.68,230.98
fe703d72-a2a9-455e-aa93-0e858f86c943,2025-04-10,Furniture,Chairs,West,865.47,189.33
cbb21d29-5b10-465f-b93d-34ebe665b3f1,2025-12-13,Technology,Laptops,West,151.58,-22.79
247c1e3c-b659-4e09-92b9-d3d0808afcda,2025-01-06,Technology,Laptops,Central,114.69,35.32
b59b69ec-2320-419b-b541-b9e6d15187f5,2025-03-25,Technology,Laptops,South,804.68,-55.67
fcab0a0d-fc06-46a6-970f-ab85db3bd1fd,2025-10-22,Furniture,Chairs,West,924.07,253.47
6a7ba732-1637-4c08-b267-97a07411daae,2025-10-15,Technology,Laptops,Central,821.26,99.44
df3443d4-38dc-4099-83de-baf093d1b1a8,2025-07-03,Furniture,Bookcases,South,284.43,-78.67
9613bfae-3bbe-456b-b53d-43df352c941e,2025-06-20,Office Supplies,Pens,East,645.89,85.04
7e55943b-7553-4e05-80ec-083aa6d128ea,2025-04-19,Office Supplies,Binders,East,838.27,-41.67
158ae1ce-505c-4b5e-9d12-83c596f94ba0,2025-10-14,Furniture,Tables,South,171.57,125.33
617ca726-7157-47f2-b715-3fd417764741,2025-07-26,Furniture,Chairs,South,914.3,261.0
caafcf86-702d-4804-b13c-0809268e45f5,2025-05-19,Technology,Laptops,Central,642.82,176.2
2f250ec8-7639-48ce-bdf8-7d82adf0f550,2025-10-29,Office Supplies,Pens,Central,383.51,-95.04
397a4823-4f2e-4d87-b591-24e3683a1260,2025-07-25,Office Supplies,Paper,East,346.32,-0.07
cbf6442c-fbb0-458c-a74f-168bd3a2103e,2025-07-22,Office Supplies,Binders,South,326.47,17.58
d7c07e8c-417a-49b1-b228-12fee4086906,2025-05-11,Office Supplies,Paper,East,950.5,14.09
0a56b676-cdbe-4d9d-97c3-a5ad846a8b1d,2025-09-29,Technology,Phones,West,40.68,147.07
a8a3fc79-098f-4f0a-8be8-ddb9df719619,2025-06-26,Furniture,Bookcases,East,607.91,58.43
4db6dcfe-66ce-4ca3-901c-42c0dc22c379,2025-12-02,Technology,Laptops,Central,25.65,123.03
c2e811cd-4e36-45db-bd4f-d8edfa5d4e1f,2025-06-16,Technology,Accessories,West,623.72,178.69
9913a906-5226-4cb8-8b27-d331d537515a,2025-08-14,Office Supplies,Binders,South,837.84,-69.3
b09a3d33-10a5-4a73-a58a-501638c70167,2025-07-22,Furniture,Chairs,Central,341.02,-33.6
0f30a4e4-e061-49d1-aabb-9e4bf4ffa9bb,2025-05-13,Furniture,Bookcases,South,656.04,-50.24
1dfc8691-63c5-4ef3-adc0-b06f859c4469,2025-11-29,Technology,Accessories,West,412.79,277.0
8f47ed74-c1f7-411a-a07b-e724d2664b76,2025-06-24,Technology,Accessories,Central,755.93,-87.37
49257b4d-0b34-4be2-9c8f-d3ebabfbbad1,2025-10-08,Furniture,Tables,South,669.39,40.49
d273dcc5-73ce-4c4c-8a2f-8e328ca65c60,2025-09-09,Furniture,Tables,West,278.43,97.7
b9decce8-c219-48f5-8152-db59473e743a,2025-03-06,Furniture,Bookcases,Central,903.13,250.99
17073b92-e3d5-4058-bdc9-b4577ec44b0f,2025-02-06,Furniture,Tables,South,428.27,124.15
a46c53d5-6359-44e3-a275-218bb3a351a1,2025-10-04,Technology,Phones,Central,91.6,98.63
f743b86d-dd52-4a3f-b7ec-abd2960bb360,2025-10-25,Technology,Accessories,Central,469.76,-16.29
092a6d49-2fbe-48dc-b9f2-ca43a146824a,2025-04-14,Furniture,Chairs,Central,762.39,129.95
d5a4baba-3eff-4d2b-9bef-a9d8d88c2911,2025-08-30,Technology,Accessories,South,800.76,165.83
60353511-974c-4f73-b8b2-3ae996874ced,2025-07-31,Furniture,Bookcases,East,815.78,197.83
d15fc290-b7f8-4f50-bedd-37d7090f8db0,2025-08-04,Office Supplies,Binders,West,114.88,-9.69
d3092290-3705-4ace-914b-1264c27929e5,2025-08-10,Office Supplies,Paper,South,253.52,96.64
91732793-39bb-4391-8fa8-8072c5ab0249,2025-04-06,Technology,Laptops,East,472.6,145.71
4ede1d1f-7075-4e78-afeb-b2c8a5a75dd1,2025-07-12,Technology,Laptops,West,586.18,100.39
bc946457-2b84-4745-a243-4b2721091d16,2025-12-07,Furniture,Bookcases,Central,802.57,241.46
d18108be-f219-41ab-b8a3-b82b76d94f41,2025-09-18,Furniture,Tables,Central,741.78,-4.49
b37edaf2-5964-423c-ab66-a8fc31fcfa7e,2025-11-01,Furniture,Tables,Central,387.49,250.3
75d797f1-a76e-4f64-94ae-9cefe161e8de,2025-11-01,Furniture,Bookcases,East,821.46,-87.14
38ad6188-6ebb-4f8f-9b9e-a5b5b60c9105,2025-04-30,Technology,Accessories,Central,393.99,224.92
c2e2f48e-99c9-4ea4-ba30-16cd099fd4f8,2025-02-09,Technology,Laptops,Central,237.65,-31.84
e065ea3f-3611-46f6-af30-f5391f033655,2025-09-13,Furniture,Chairs,East,148.1,244.23
a9e35284-ec5f-4583-b19a-30ec0adfb4ce,2025-01-04,Technology,Laptops,Central,22.02,122.59
9c210c69-7e55-4ad7-9dae-e2c8592cce4e,2025-05-02,Office Supplies,Binders,West,176.26,196.33
95ab22b5-7579-4b4c-8528-a3324e40178e,2025-08-10,Office Supplies,Binders,East,893.98,-98.92
e6c0a445-814e-4e0e-9185-9587e0dcc341,2025-06-13,Office Supplies,Binders,West,465.44,-27.39
fab09788-f958-4b2c-aead-8f3622b8cac3,2025-06-05,Furniture,Bookcases,East,102.18,237.76
360c63c8-a5e9-43c5-ba15-3d7f29df72fd,2025-07-12,Technology,Accessories,West,214.21,-25.34
8911bd1b-8059-4e14-833d-379142d8cfe1,2025-10-10,Furniture,Chairs,South,726.77,234.95
47a1a3de-179e-4c91-9882-6c86a1aad26f,2025-02-04,Furniture,Tables,South,701.44,169.66
723add06-be68-4c12-8a92-5f9772c0def1,2025-01-30,Furniture,Tables,South,109.52,26.31
0f60e3ac-37b0-4648-bd93-6a290251ae4c,2025-11-29,Furniture,Tables,West,842.71,296.4
66ff2e9a-5547-4f5a-9911-f2a777700aa6,2025-02-11,Furniture,Bookcases,East,58.39,201.64
de777e42-5f27-48c9-a65d-731a9aa2b017,2025-11-24,Furniture,Tables,Central,143.87,-53.22
4c77203d-865f-45af-8c1b-a6b6e6ee068a,2025-08-25,Technology,Laptops,East,224.47,176.75
cf81aa62-5937-4375-9192-65bd71a95239,2025-07-19,Technology,Laptops,South,837.5,-69.94
08c1aad9-142f-415a-8ed5-b28846bef2ad,2025-02-25,Furniture,Bookcases,South,583.87,150.71
d8e68bff-224c-4f73-8b25-8a98258b8c9b,2025-08-31,Furniture,Bookcases,South,497.54,-75.48
d3521acc-980c-4e2f-b2cb-4de7fdc86e2a,2025-10-03,Office Supplies,Binders,West,335.49,192.41
08a78cdf-9d17-4371-9f2a-3e07fe8de679,2025-10-19,Technology,Phones,East,696.57,-84.02
910ec71b-4b36-4eec-80e0-c7c002daad49,2025-09-19,Technology,Laptops,Central,600.76,73.84
dc80d60d-0d69-47ed-b0fe-33bd537a8f0e,2025-05-23,Technology,Accessories,Central,956.3,292.3
d6281e21-ddfa-4138-a52c-48dc73d88273,2025-10-12,Office Supplies,Paper,East,814.39,194.54
4da48fd3-206d-48f4-8717-5ba6ec8f887e,2025-10-19,Office Supplies,Paper,West,687.01,157.27
34fe7661-95f8-486e-bdef-3c8b93633070,2025-08-18,Furniture,Chairs,Central,55.21,214.78
bc069d35-1910-4f96-85fd-6f1013264f13,2025-03-30,Technology,Accessories,East,591.94,-6.98
24f5d54f-0dc7-46d0-ac34-6369e75d2252,2025-08-16,Technology,Accessories,Central,386.43,72.53
bc0286f0-145e-4733-b525-6fbf24e3b101,2025-09-23,Furniture,Tables,South,664.26,72.67
1b350686-6524-401a-9f4f-366ab4bd336a,2025-08-02,Technology,Laptops,South,530.03,27.09
41b11269-0482-4639-9fdd-4509a22208c0,2025-02-27,Furniture,Bookcases,East,561.36,272.28
0eff13ec-ab0c-451e-a4fb-7ce135d27f37,2025-07-17,Technology,Laptops,South,30.06,-0.18
1203bc66-a79f-471f-ba45-7029b871d931,2025-11-09,Technology,Phones,West,533.75,-99.6
bc41ba54-7469-4938-8132-cd681be53306,2025-06-14,Furniture,Chairs,West,335.78,119.36
be14ba1b-ceea-47e2-b2f0-34fbc2dad391,2025-08-08,Office Supplies,Paper,South,135.59,-41.38
53505664-f7e3-48f9-8050-5667a0343a34,2025-05-23,Furniture,Tables,Central,986.83,-64.62
b6988a6b-4d4e-494e-95c9-3326527a726d,2025-06-09,Office Supplies,Pens,Central,390.11,272.5
5740cb97-43f1-4e0e-b36e-5668c1d640ec,2025-08-15,Technology,Accessories,West,652.29,287.16
965a53b4-c064-4327-9265-6bac7b463f1e,2025-05-22,Furniture,Tables,Central,157.69,113.35
261e9be0-4a17-4308-92e5-224734fc77b5,2025-11-05,Office Supplies,Paper,West,251.68,241.76
d767ea01-acb9-439a-b08f-5b0fc217562b,2025-06-12,Technology,Accessories,South,169.44,169.66
aff3a757-b117-41b2-93c3-ae83fcad2398,2025-04-26,Furniture,Tables,West,592.26,46.07
a6a62990-df69-40c9-8654-c7784cfbdfbc,2025-02-01,Furniture,Tables,East,883.09,166.73
e7f9dc27-2184-43fc-9765-57d5cc98f438,2025-11-30,Office Supplies,Binders,Central,252.18,-95.53
9b4f2c2b-7b32-4720-a63f-0c53b732e389,2025-01-04,Office Supplies,Binders,South,290.77,67.31
e0bafe17-b011-45c6-9b1c-193052d9df25,2025-01-16,Office Supplies,Pens,East,876.54,-38.57
b9b09384-3369-4f86-9feb-0503ffc43853,2025-03-16,Furniture,Tables,South,343.02,-37.19
7bc358e9-cd81-4b19-a1de-43beb0069997,2025-02-01,Technology,Phones,Central,799.29,287.92
453afe8a-dff1-4c28-9586-e792d02415fe,2025-01-27,Office Supplies,Binders,West,327.25,13.39
ea7ce242-176d-4bee-864a-55ef842c7781,2025-07-13,Furniture,Chairs,West,654.3,-48.73
a75866a7-6c7b-4b9c-be8b-06e0e4eda42c,2025-10-22,Technology,Laptops,South,712.9,186.45
fe0e4b31-527f-4c10-8057-d8be5b68c53d,2025-09-21,Technology,Laptops,South,108.51,142.5
a3e5838c-ba2f-409a-a023-76ca4b2395ed,2025-01-14,Office Supplies,Paper,East,168.73,144.16
9bcbbb0c-6622-4f79-9ceb-1cd3428bb5a7,2025-09-10,Furniture,Bookcases,East,553.46,125.2
58afaffa-34cd-43a3-b2ac-1698f5c5a477,2025-02-23,Office Supplies,Binders,East,107.1,231.69
397733a8-8245-4997-ace4-bc8803225a1c,2025-04-03,Office Supplies,Binders,West,93.64,209.77
58cf36c0-dd10-407d-ae37-17c3f158e672,2025-03-30,Furniture,Chairs,East,300.01,255.72
8969af3f-1e77-4017-94c8-0f9518657f53,2025-09-21,Office Supplies,Pens,Central,711.86,279.26
720aac64-a5ed-4a1c-a866-1b92382ece2c,2025-08-08,Technology,Laptops,East,744.91,89.7
825d2b01-7fff-479a-8727-fba39dddc360,2025-11-10,Furniture,Chairs,West,274.26,243.87
44488010-8910-4e26-99da-40fc3a6dfd20,2025-08-16,Technology,Laptops,South,261.35,-7.96
106fb193-8cd5-42a2-9fdf-dce528493561,2025-05-20,Furniture,Bookcases,Central,14.94,-26.28
67f7c4c3-94e5-4a35-8719-b4f94671092d,2025-04-30,Technology,Phones,South,452.91,199.81
307de734-9d75-45e2-bb14-e57c9db0f818,2025-05-11,Office Supplies,Paper,West,919.48,-0.53
d21468c8-7d82-4576-a475-0a9e32e2a132,2025-12-22,Furniture,Bookcases,Central,618.46,98.21
4e9c67cd-c36d-4071-98b2-832304f8953e,2025-10-14,Technology,Phones,South,277.2,139.11
7b57b95f-eee5-47a6-82d0-932ef1b69724,2025-09-06,Furniture,Chairs,South,451.57,63.88
5eb2b311-51e2-45d0-a6a0-078a922f3bb9,2025-07-21,Office Supplies,Pens,East,26.09,285.61
2a8524e8-5120-4216-9ed4-da9bb8dbecc5,2025-12-27,Furniture,Chairs,South,344.11,144.38
98c1714d-974e-4ac7-a5f2-bcd180d0cdc2,2025-10-11,Technology,Phones,East,122.77,163.73
d8e88b34-3df2-4ccc-844b-49eb8f030064,2025-01-26,Technology,Laptops,West,459.08,118.73
c5e61221-0002-4b77-bba0-e1e61e39270c,2025-01-31,Technology,Accessories,East,851.76,285.83
2123e963-4b40-4bf0-9d29-05f4e1f3ad38,2025-09-05,Office Supplies,Binders,East,265.11,-32.02
6cac4f0f-1d94-4fad-b063-64945380db54,2025-01-15,Office Supplies,Binders,East,763.23,156.38
fe0dcb2f-da57-4aae-bce7-534150733160,2025-07-24,Office Supplies,Pens,Central,938.33,20.72
fcf9c526-b789-4428-99b9-2ec3733e5fac,2025-05-06,Technology,Accessories,Central,456.79,152.98
1c94d845-6732-4fcd-96de-cc54d50075ca,2025-01-01,Technology,Accessories,West,170.56,32.95
e3cbc740-0e1c-4e20-a6fd-d19fe78d5bb0,2025-10-23,Furniture,Tables,East,201.08,116.7
557a426d-2a99-40b1-a445-ff0a7f2c3046,2025-11-16,Office Supplies,Pens,South,902.09,-60.67
64333e12-7961-43c6-83cc-e109a7d76460,2025-03-29,Furniture,Bookcases,Central,844.63,-77.27
b34b4b2c-6b80-4045-98cc-b6d3a45ae267,2025-05-28,Furniture,Chairs,West,996.06,-74.53
a85fcf4b-41ff-4c2f-a54b-3256c60a3600,2025-04-07,Technology,Laptops,East,714.6,243.37
d37a965a-97e9-4b7b-9f85-ed5405acd50b,2025-09-13,Furniture,Chairs,Central,132.55,-25.54
65bbbcc6-9278-43fb-9851-d41e9ac1e0f6,2025-12-11,Technology,Phones,South,916.87,24.84
744705b7-5104-413b-aff9-9f1881b10d11,2025-12-12,Office Supplies,Pens,East,604.8,176.26
9e0796a8-bc2d-47ac-b7c2-872ccc77f4b5,2025-12-04,Furniture,Chairs,Central,608.09,294.64
4b2a92ad-478a-45bc-b28e-5b5dc0a5a4b2,2025-07-10,Office Supplies,Paper,South,49.78,246.8
6ac3acd0-abce-437d-86bb-76d361a47c2c,2025-06-29,Office Supplies,Binders,East,937.64,2.93
f7979e14-b9f8-4a24-943b-af24e3665593,2025-01-04,Technology,Phones,East,729.74,245.63
c62d8e7c-6e19-4eb3-a8b6-5b37704cdba5,2025-10-21,Office Supplies,Binders,West,36.59,121.37
c726158e-5294-4e91-9917-8aee07917d89,2025-09-29,Technology,Accessories,West,103.16,-38.28
85826686-4c0c-41ed-be23-23d9be1ead6a,2025-01-29,Technology,Accessories,West,917.51,159.76
20a90410-83f0-4ba0-ba2a-095a9e62992c,2025-10-07,Technology,Phones,East,118.39,-61.86
faf437da-b97a-46bf-adb9-07416f4cd45a,2025-03-18,Office Supplies,Pens,South,594.31,-41.43
e4a7d447-9666-488a-acb8-d6cf7149a108,2025-03-08,Furniture,Tables,East,337.29,9.7
cf2538fb-6067-4bad-99e0-4377f3e1e031,2025-04-22,Office Supplies,Pens,West,147.62,223.13
3d6bc77b-a55b-4721-8a96-af84a8c9cd5d,2025-08-27,Furniture,Chairs,Central,444.96,-55.15
bc36de3d-71e4-4c48-9e9e-1e3ea9abee5a,2025-11-02,Office Supplies,Binders,Central,141.22,281.64
bdbdf3e5-d99f-44c9-ade0-c74c5c9dcc21,2025-05-05,Technology,Accessories,West,567.34,267.66
42d0c69c-7ce4-41e1-b3f8-404dde93fa78,2025-06-11,Office Supplies,Binders,South,352.08,220.76
a842928d-59d6-4dac-952a-8d09d85da346,2025-06-28,Furniture,Chairs,South,278.21,95.59
be62e631-f76a-400b-8d9f-2301c01c4e14,2025-11-24,Office Supplies,Pens,East,315.66,126.13
cbfb5f12-9b89-4810-be69-633a8b8bd67f,2025-09-14,Technology,Phones,Central,482.31,35.48
845e33f0-1aab-4df5-9a49-0a50fd5a4298,2025-03-28,Technology,Phones,South,952.03,-43.93
30bcbdb5-636c-492d-be99-c47b47e1986a,2025-04-24,Furniture,Chairs,Central,707.08,227.92
a3dc7979-b6a9-4a08-8490-cb08ca049046,2025-09-04,Office Supplies,Paper,East,114.21,165.86
b77ed330-b358-4f22-b941-ca6b6f59bd09,2025-11-03,Office Supplies,Binders,East,642.34,151.39
b33c8eba-7916-4b94-a08e-a98b0e41d77d,2025-07-26,Furniture,Chairs,East,359.22,188.18
993b5ff7-d2b3-40dc-8955-ae7a4fb2dd21,2025-12-28,Furniture,Chairs,West,758.73,98.79
358fdcde-6943-49ff-9c0f-bd15db0bfcb7,2025-01-21,Furniture,Chairs,East,325.98,2.38
03bad70f-afa1-4752-930d-5212ad56bc1d,2025-01-29,Technology,Laptops,East,35.25,139.85
d294ba6f-6c97-494a-a236-4a7c29816010,2025-01-24,Technology,Accessories,South,550.59,146.66
84a50e1a-ebd2-4653-91f3-3003374cfcf8,2025-02-18,Technology,Phones,Central,94.7,24.49
44e84733-6ebf-4cd8-98ba-81ee46871068,2025-04-17,Technology,Laptops,South,803.34,141.72
203ca881-ac1b-437b-be7d-64468eb077b1,2025-02-11,Technology,Phones,South,230.81,277.66
99397b55-229c-4086-91d4-0f90749a14e2,2025-10-04,Furniture,Chairs,East,373.02,40.54
f9385185-7d9e-465f-a192-5828fd7f1f31,2025-02-05,Technology,Accessories,West,346.74,228.71
7cea1b23-84a7-4196-996f-ece198041bc6,2025-07-01,Furniture,Chairs,Central,675.17,218.21
00046a08-7ef6-4c05-ada6-3554d0133e33,2025-02-10,Office Supplies,Binders,West,124.94,-84.51
a77a7190-d2a8-4dad-9281-9a2c4808beaa,2025-08-23,Office Supplies,Paper,West,564.99,92.24
b382a158-c584-4120-ad2c-905010f576b0,2025-10-27,Office Supplies,Pens,West,589.3,138.57
2c51475f-e11e-4870-8070-9c00b56288e4,2025-04-22,Furniture,Chairs,Central,650.94,-45.98
3e06ecda-439f-4bb9-ac4f-a16cae84999c,2025-02-18,Furniture,Tables,East,171.55,102.9
fd008008-5d0c-4849-bd5e-8223c43fc4dd,2025-01-31,Technology,Phones,Central,460.38,281.71
b9918c8e-45c5-40f7-99d3-898c299757f0,2025-05-03,Furniture,Tables,South,210.65,174.1
ab98a565-49a6-49b2-bf66-993d7c3f5ff9,2025-07-24,Furniture,Bookcases,Central,275.83,-44.69
a7d38dbd-a8c5-4cba-a41a-341c0dd99813,2025-10-02,Technology,Laptops,East,927.66,-70.09
7d08b770-f41a-4f85-9752-737f49163ee8,2025-05-09,Furniture,Bookcases,West,78.14,233.77
578200d0-177b-4ce0-919c-8781dc372db9,2025-03-09,Technology,Phones,South,520.74,0.68
0c8fd489-20fa-4b0d-9388-1e79bed9ac4c,2025-05-05,Technology,Phones,South,142.64,104.47
1e63ba9e-c888-4210-8c31-acd9265e8848,2025-07-26,Office Supplies,Paper,East,788.92,-77.08
1a088a58-bc0d-4927-9d92-525a966b5687,2025-08-29,Furniture,Bookcases,West,662.41,61.05
198de3e0-8b2f-4eba-89d7-0190190df42d,2025-02-16,Furniture,Bookcases,East,925.05,228.65
3b09ae26-415c-4b8f-8cf5-7dfdfd4a2b54,2025-01-06,Furniture,Tables,South,255.42,-69.62
8458d001-ab89-48c2-b07f-17307b960c0c,2025-07-24,Office Supplies,Paper,West,600.28,5.61
15c64b05-b4ce-47ad-9f62-05b3d10fadc1,2025-08-21,Furniture,Chairs,South,880.18,34.67
150c57d2-39f1-40a3-880a-4100ce83b107,2025-01-23,Office Supplies,Binders,West,694.96,123.7
5913ec32-c457-4de6-a920-e20758c03b05,2025-01-04,Furniture,Chairs,East,784.46,275.03
98497e73-6b28-4062-ad6d-c749d2ed1abb,2025-09-29,Office Supplies,Binders,South,791.66,-97.31
d315b27b-3bec-434f-9da5-3acbd6d77df7,2025-03-17,Furniture,Bookcases,East,623.52,20.5
efd17672-ccfb-4260-b7e2-7b8d0cff61b0,2025-07-01,Technology,Accessories,West,556.81,63.8
8a244a4b-55b7-4590-a1fb-9848daa53071,2025-03-05,Furniture,Tables,South,909.96,272.84
f85f9cd6-5f88-4632-8243-eebf27f3fa37,2025-12-02,Furniture,Tables,Central,567.35,179.99
d037464b-9bc4-4896-8133-1ffec764a200,2025-04-03,Furniture,Bookcases,West,216.56,99.35
f1902a9c-7bf1-493b-9c0b-91b7325680bf,2025-06-21,Technology,Accessories,South,137.84,226.54
cf6c50f8-49e3-4c92-8326-936211182a00,2025-08-10,Furniture,Bookcases,West,855.66,65.61
635edab7-1cf6-496d-aaff-57cf22dc829c,2025-01-12,Office Supplies,Paper,Central,571.44,98.62
a22dc71f-ce90-49fc-a8d4-a43ee594a4f8,2025-09-21,Office Supplies,Pens,West,959.48,182.91
810760c1-af25-4e11-9814-198b1f2852cf,2025-02-09,Office Supplies,Paper,South,613.34,-31.13
317e8298-804e-4561-a348-a6cc56e28681,2025-06-24,Technology,Accessories,Central,869.56,-56.14
f753cc1b-43c8-48f7-979b-007c69ad167c,2025-04-28,Technology,Accessories,West,161.99,235.05
f940b2a0-4d22-43b4-bc18-554c85519acb,2025-12-25,Office Supplies,Binders,South,478.74,-34.25
83e89897-c4f7-4657-bc19-88e3d0d687bb,2025-04-15,Technology,Laptops,East,162.9,21.43
a53b3ea7-c051-4078-8df2-f96b1e87e67a,2025-02-11,Furniture,Tables,Central,233.0,32.01
d6494c1d-d17a-41a5-ae6c-9e8dc35b1148,2025-11-03,Technology,Accessories,South,853.45,245.47
617173f0-1239-4f7f-bb68-398937fe03ed,2025-06-25,Office Supplies,Paper,East,299.54,219.64
8b6eaa83-c95b-4a13-aaba-8de7ae3a66e3,2025-07-28,Technology,Laptops,Central,713.96,101.57
56a01804-03d9-4f7b-ba58-c5903ad752d6,2025-01-10,Technology,Phones,West,814.07,244.29
2c090fc3-967b-47e3-ab89-1b7208e72c48,2025-10-27,Technology,Phones,West,149.05,22.82
39a47aba-34bf-4abe-a978-b0274ecbde12,2025-08-12,Technology,Phones,Central,821.9,2.67
0509c2ca-bbb2-4a66-ab82-46eaf7974ce6,2025-05-17,Office Supplies,Binders,South,407.68,188.99
5f067663-a27a-474a-9880-0a725f42cbcd,2025-08-11,Furniture,Bookcases,South,489.37,211.74
186655ce-400a-4e79-baa8-67ff04133691,2025-10-09,Office Supplies,Binders,West,95.93,-82.24
7df667ae-0e0e-4e49-ba6b-b3436d514921,2025-02-12,Furniture,Bookcases,Central,951.77,75.33
33165538-cc11-4780-998a-a8248ea53c3f,2025-01-05,Technology,Phones,Central,936.2,-98.4
cb396466-e1d4-4753-9499-8184e63c729d,2025-10-20,Furniture,Chairs,Central,233.52,162.42
0129419a-58f0-495a-869e-e42821d456d7,2025-01-31,Furniture,Chairs,South,697.59,46.2
6f6c74ba-d52e-4f73-8d99-d225b32ee4d5,2025-01-14,Furniture,Chairs,West,625.59,11.0
cff1868f-afcd-45ea-85ef-89a45689a124,2025-08-29,Office Supplies,Paper,Central,886.31,168.98
9e3811c6-573a-4a6a-b9fd-f2788a11ca96,2025-11-23,Office Supplies,Binders,East,965.49,139.54
daee76d2-2a6b-4d81-9106-cd8833f72fa5,2025-06-07,Technology,Phones,East,224.48,221.82
9c3e5270-9d19-430d-a150-feabf53381c1,2025-12-20,Office Supplies,Binders,Central,817.68,-29.42
b564ab63-b184-42c3-aec9-1d4c9e615ef1,2025-10-06,Furniture,Chairs,West,254.6,243.67
4cce60df-ec4e-4b15-a52e-83808a6c9528,2025-09-10,Furniture,Chairs,South,211.12,27.06
66bd24e1-59e8-47ea-9957-89e8820c1a7a,2025-04-29,Furniture,Bookcases,West,66.72,-14.93
f8d6f356-3f94-4236-b194-8a55312deb20,2025-04-28,Office Supplies,Pens,East,248.07,67.92
720b6993-0b90-4fbd-af59-d74b398d7409,2025-11-22,Technology,Accessories,West,366.33,144.33
fb88d9ec-0bdc-4e92-bc0c-474cb8a43547,2025-03-18,Office Supplies,Paper,South,879.53,28.81
4f35e4bc-bb23-48ba-b103-af7cf7ae2f17,2025-12-09,Technology,Accessories,East,179.29,70.29
87961e9b-a986-499d-a7f8-b059c919a461,2025-11-27,Furniture,Chairs,South,354.53,280.91
8082ab99-e6cd-4a3c-99d4-7fc0921eaafd,2025-10-06,Furniture,Bookcases,East,101.34,117.02
0166e009-a538-466e-bc02-dabe68ea22e2,2025-09-13,Technology,Laptops,West,56.91,-90.09
374df592-8244-4014-9396-3127057729a9,2025-07-31,Furniture,Chairs,East,687.46,-75.67
433e5db7-cae4-4ade-ae0d-0e2f7eaf24c2,2025-05-01,Furniture,Chairs,East,444.64,193.68
97ce1dc1-1990-4d61-aeb2-f2ba9f781269,2025-06-04,Office Supplies,Pens,South,853.66,232.95
71e7ff90-ef16-4383-899d-23ad5b8fddd9,2025-01-24,Technology,Accessories,South,480.46,155.31
199dd9d1-852d-4a9b-9644-b93fe44c4490,2025-04-12,Technology,Phones,West,801.36,284.75
e76db072-4397-4292-95f2-f5a818624394,2025-03-30,Furniture,Bookcases,East,936.92,262.76
d92797f9-15b8-4ff5-af38-b9cb8bd044cb,2025-04-09,Technology,Accessories,East,262.47,189.89
f0b502ce-e6ef-4082-aef4-b5039e371317,2025-10-15,Technology,Laptops,Central,197.07,242.6
ca350b40-16cd-4694-b9f2-443307ae9fdb,2025-10-18,Technology,Phones,Central,877.63,23.83
80738ea1-f531-4076-9afd-6a5fc6520458,2025-06-28,Technology,Phones,Central,456.23,200.52
07a03447-cb2f-4326-9221-f9fcd2d30b7a,2025-09-19,Furniture,Tables,West,928.57,-33.97
cc29ea6c-1564-4fca-9d96-66d5ecaa3683,2025-11-29,Technology,Phones,West,256.2,-76.63
38157ca9-7e51-4f5e-922b-15f60e5c9566,2025-10-11,Furniture,Chairs,West,634.34,275.95
caa6ea7f-dc60-47b4-87fc-4b9e46c80814,2025-03-08,Technology,Accessories,Central,794.5,96.52
1eb03af6-98db-4247-aec7-d7ee24931c6b,2025-11-23,Office Supplies,Pens,South,94.13,234.45
d0691787-62e6-4c20-8403-2ded46575859,2025-06-23,Technology,Phones,West,928.58,284.09
cd0eb838-1cfd-41d3-a632-4d274e6ab519,2025-12-27,Office Supplies,Paper,Central,331.52,-90.68
c5a40ea5-fae1-4f6a-9ce3-ef03d27c0346,2025-05-07,Office Supplies,Paper,East,652.42,211.34
39b1e534-f29c-4a45-a630-28059f4ee70c,2025-09-23,Office Supplies,Binders,East,319.26,-28.72
e2b87141-d4c1-44cc-95ca-d6ef01775891,2025-05-02,Technology,Phones,West,633.29,274.27
be026790-da62-4c4f-90fd-e7630d0ab3fd,2025-02-14,Technology,Accessories,East,70.98,72.35
e89904a2-9587-4dc4-bc8a-d36a815cb4a0,2025-09-20,Furniture,Tables,East,688.97,236.38
0022f507-f51d-4c49-9649-4f45e97d2621,2025-06-11,Technology,Phones,Central,725.7,117.99
f6104c6c-25ba-449e-8c7b-cec85a04eb69,2025-01-24,Office Supplies,Binders,South,628.12,90.36
1bb5514a-26b1-44fc-8da2-390a9f6fbac2,2025-09-18,Furniture,Tables,West,445.45,174.24
d5c9a183-bfa1-42a7-829c-12122f56ae9b,2025-09-19,Office Supplies,Pens,West,685.73,157.09
d1d72282-be2d-4d83-ad08-7c3c939dc012,2025-02-10,Technology,Phones,South,735.0,182.18
09b39dd8-aafe-4564-ade0-8e712cde969a,2025-07-30,Technology,Phones,Central,284.92,46.7
5c12e6cd-1347-456f-996a-d914a1711204,2025-08-15,Technology,Phones,East,443.16,182.5
86c97238-803b-42f3-bf35-068ef5cdf952,2025-12-21,Office Supplies,Paper,South,679.15,37.48
f426e441-b4f3-4823-a67e-e15e7b51c8d7,2025-12-30,Technology,Phones,Central,623.91,86.82
41cb4da4-1f32-4d69-b29a-f23420777e00,2025-11-21,Office Supplies,Binders,East,128.68,299.62
81671d05-4c31-4585-932d-23ea3790b477,2025-11-09,Technology,Phones,South,424.4,186.99
acd30194-a6f7-44fc-a1d3-201688b971d9,2025-07-15,Office Supplies,Pens,South,974.7,-84.27
fdc33841-9d3d-4b7b-b75d-0f848d9e4db6,2025-07-31,Furniture,Bookcases,South,151.03,165.33
1d04c209-08c3-4a66-b46f-28df75c82c22,2025-01-28,Furniture,Tables,South,623.88,24.43
1797b224-35fb-423c-aab0-c487483cd31a,2025-07-28,Furniture,Tables,East,812.19,181.95
08a20887-6a41-498c-b3a8-4db1c8fde3d1,2025-05-01,Furniture,Tables,Central,814.78,252.49
cecd7a79-571f-438d-8888-5a651997962d,2025-12-21,Office Supplies,Binders,Central,866.78,54.55
0afce6c5-3e66-456e-bd81-407d4c2fc437,2025-06-25,Office Supplies,Binders,West,549.4,164.18
49839358-f8c4-4d50-80ed-5f8f2f14bd3f,2025-10-29,Furniture,Bookcases,South,923.71,-17.06
13f3efa6-3bad-4b88-be3d-79cabb430b96,2025-03-04,Office Supplies,Paper,Central,147.46,263.97
a4ed3809-fb31-4372-9f69-ba5708cb414a,2025-04-19,Office Supplies,Binders,Central,502.12,5.42
516265ed-4243-472f-add7-e2d155d9dd30,2025-07-03,Furniture,Tables,West,102.29,-70.78
ab3f852d-867f-47be-b163-54179c64f1dd,2025-03-03,Office Supplies,Binders,Central,882.9,-16.1
5bceb6a1-5f2e-42f1-9063-39c012cb04b7,2025-09-15,Office Supplies,Pens,South,431.17,283.61
7223e597-b96e-4aaa-b6fa-221bafccf60e,2025-12-15,Office Supplies,Binders,East,989.19,278.77
eae384fd-28ed-4a46-89e7-92ee11204958,2025-09-07,Office Supplies,Paper,West,138.43,177.92
4bcd7a7f-cf78-4411-ac13-b224c4110ba1,2025-07-30,Technology,Laptops,East,166.59,72.84
0a621494-7872-4c13-bd90-30a0657fca33,2025-11-09,Furniture,Bookcases,Central,526.67,-21.21
018caf23-0445-4b5f-b1e6-5b16688d8398,2025-05-07,Office Supplies,Pens,East,498.55,160.73
aa81e037-20c5-4312-a0f2-2d6fae825a38,2025-06-02,Office Supplies,Paper,East,241.88,48.83
5f9e8dfd-2156-408a-b063-4f6c33c64ab8,2025-12-08,Furniture,Chairs,West,996.3,291.85
ca2b28ab-d93a-4118-8006-c1d8fb620474,2025-09-04,Technology,Phones,South,245.34,-94.35
58a92b2e-920c-4ff1-8403-14daecf8bc69,2025-11-13,Furniture,Bookcases,West,718.94,42.85
424926cc-8d0b-4827-befb-89687b375d29,2025-06-18,Furniture,Chairs,West,192.3,98.12
687b8743-2a67-4a8c-9342-020bc90bca6c,2025-09-18,Technology,Phones,Central,180.64,271.91
4468a5f6-bcfb-4516-ab2b-01530829a5b8,2025-06-14,Technology,Laptops,West,258.1,81.11
f3b38131-2d68-48bb-be3c-e5cbb3200641,2025-01-08,Technology,Accessories,East,321.73,260.95
b7c6cba5-774a-4ae7-9c36-c86348d8c882,2025-05-08,Technology,Accessories,West,666.29,92.01
dc9defa3-6bdc-4b0f-99a7-89646a7e13a8,2025-03-25,Technology,Phones,West,550.68,-50.39
ff3b31e5-c571-4071-bb45-3784b569e5c0,2025-02-25,Office Supplies,Binders,South,385.05,228.62
75e0b5ec-0687-47a9-8943-d23d01108457,2025-04-30,Technology,Accessories,East,485.75,3.92
f3864e2e-7a09-46ab-9343-df2db716138c,2025-08-20,Furniture,Chairs,West,720.34,279.84
768d04d4-1719-484f-b359-13f479cf5a1e,2025-05-07,Office Supplies,Paper,West,851.16,17.22
c951bfc0-6e63-4b29-bb03-f5724d120d96,2025-03-14,Office Supplies,Paper,West,967.15,181.46
753605ca-df41-46d1-8aa3-fbe81218dae1,2025-11-12,Technology,Phones,East,288.5,178.09
b742deff-24ef-402c-ad56-cf18c03c7107,2025-08-10,Technology,Phones,South,650.65,67.86
119032a6-3705-4aee-81a5-60734bdbd92a,2025-07-25,Office Supplies,Pens,West,578.24,-37.5
26a8cb77-34be-468a-afd3-68e1aa6058ec,2025-09-22,Office Supplies,Paper,West,731.98,23.86
a436f59d-564c-457a-93f0-d719c547e4be,2025-12-23,Furniture,Chairs,Central,82.51,-28.75
7f564733-82b6-4d52-84e2-de36dadc5097,2025-03-01,Technology,Accessories,Central,194.59,-12.29
801bcfaf-9d7e-4096-9a6d-a4a89f077270,2025-09-01,Office Supplies,Binders,Central,906.14,18.02
32da4af6-04b3-45b6-8798-d70c81ee55ba,2025-09-11,Office Supplies,Paper,West,908.34,-61.81
9cb2c184-b5ef-42e4-97d2-53c5c3fc199c,2025-07-06,Technology,Laptops,South,328.41,231.1
9429ae5a-b3a9-4cdd-8e5d-72f6b76e6751,2025-03-26,Office Supplies,Paper,West,275.2,135.8
f1ac77f3-e016-4367-a78d-9f6257af236c,2025-04-19,Furniture,Tables,West,800.23,254.82
aee9698f-530d-46cc-8e24-2f84a12c9be8,2025-11-06,Furniture,Bookcases,Central,523.58,91.71
620777a0-548a-4624-9d81-61822bd70558,2025-03-21,Furniture,Tables,Central,433.15,104.13
05e90f2c-6d8f-43cb-a235-7ba204d3f663,2025-07-01,Technology,Phones,East,857.41,183.71
11619208-dfa9-4b6d-955e-55418944530f,2025-03-16,Furniture,Chairs,Central,389.17,89.77
740f53fc-c421-4f3f-9ab7-b97dc640af89,2025-04-24,Furniture,Chairs,East,440.74,66.27
e20b5779-2c58-4369-bcc2-5ee8aee87109,2025-07-12,Office Supplies,Binders,West,585.06,-97.47
9afe62a3-1029-4d47-ac45-c086c76229dc,2025-07-20,Technology,Phones,Central,215.3,109.51
ee7b85a3-13e3-44fd-b0ab-76670b571166,2025-11-02,Office Supplies,Binders,West,256.39,-92.24
f0a3084d-4f37-44fe-a253-d940de0e894b,2025-07-17,Technology,Laptops,Central,962.39,182.74
6914398e-03ce-44ef-82b4-6ba7b72beead,2025-11-15,Technology,Accessories,South,615.64,294.34
b9b5dd58-3e1b-4c7b-9751-567d635836eb,2025-04-11,Furniture,Bookcases,East,136.11,179.77
2592a81a-56a1-4ff2-8d4b-457e2368683c,2025-05-07,Technology,Accessories,South,142.58,-72.16
a966dee6-61b2-4047-b1c9-ecfd1169e684,2025-04-11,Office Supplies,Binders,West,556.83,234.35
17cd75e2-0b1d-4bae-ae32-7e349bba1212,2025-11-26,Office Supplies,Pens,East,183.25,-59.06
fea668ea-dcda-46c0-bd58-0e3b8cd4a730,2025-11-23,Furniture,Bookcases,South,618.28,198.47
a4f9e472-1657-4c3d-a538-505bb15ae610,2025-06-18,Office Supplies,Pens,East,210.46,179.71
7a4d2515-1801-42ad-9b36-8956b51e3812,2025-11-20,Technology,Laptops,West,571.87,-25.79
fa283daf-7a98-4abf-af5c-9f556769ce7f,2025-09-29,Office Supplies,Binders,South,189.91,-94.36
ad8356e3-2854-4c2d-9b64-abf6003b818e,2025-10-13,Furniture,Chairs,South,874.02,141.28
c24ce8f9-405e-4e65-9322-e3c5aff910b5,2025-04-04,Office Supplies,Paper,West,42.43,192.93
16d32276-f5d3-4889-8b72-47a09130c2a7,2025-10-30,Technology,Phones,Central,390.46,247.26
e4daffd3-ef52-4987-9a3b-cfb73fabc76b,2025-01-07,Technology,Laptops,South,481.52,103.52
2c04549a-49e7-49cc-8963-434684291b57,2025-02-23,Furniture,Chairs,West,30.58,-21.69
e028cf2f-ad88-48ad-912a-1612ae54bcd7,2025-11-06,Technology,Phones,East,535.45,238.47
bdcf6494-5033-4cf5-9359-96bad6123fe3,2025-07-15,Technology,Phones,Central,956.63,11.6
228223d1-5fa4-4151-bb3b-446cc0be697f,2025-06-28,Furniture,Tables,West,689.01,104.73
3cbdc278-eaca-4f7a-8f03-a220188192ce,2025-03-17,Technology,Accessories,Central,759.37,299.3
37962b36-e42b-4ef0-a818-53dbe7038fe5,2025-11-28,Office Supplies,Pens,South,51.65,61.9
e992d620-8a80-429d-9a37-13c867c43721,2025-04-20,Office Supplies,Binders,Central,17.27,42.15
44920128-d33c-4b94-930c-89fe4ea013e7,2025-01-25,Office Supplies,Binders,South,910.7,-13.44
a29021c3-0936-4397-a13b-9484259540cf,2025-12-01,Technology,Laptops,East,74.62,-70.03
9ec1e071-8aa7-4d4c-91d0-24b0eaf9ebd1,2025-10-17,Technology,Laptops,West,593.39,113.22
ed4718ba-758d-4003-a120-ef3386f62820,2025-04-15,Technology,Laptops,West,997.34,40.12
41472158-ab2e-4306-9aff-3585720225e1,2025-10-27,Technology,Laptops,Central,940.58,150.98
72e4c771-f42c-439e-a8cc-9971a13e4cef,2025-09-28,Technology,Accessories,East,821.54,-98.78
3ac587da-622a-4ee7-924d-038dfe92950a,2025-12-24,Furniture,Bookcases,South,402.99,229.7
22f07652-0c96-4d0f-87d8-92043a75cfbd,2025-12-10,Furniture,Tables,Central,209.54,120.39
22de9ceb-a235-4652-b98b-4f11a28c1fe0,2025-10-08,Technology,Laptops,South,110.75,275.89
458272f4-43f9-4206-a511-bdcb3d9be282,2025-02-28,Office Supplies,Paper,East,79.61,-92.71
c8089f20-3061-4915-a7cb-fa3b55858889,2025-02-08,Furniture,Tables,South,133.36,127.42
687857ba-8497-4385-9a9a-9b71bfe012d5,2025-01-19,Furniture,Bookcases,West,768.37,250.87
513f7f11-fecc-4a7e-8ba9-79e4fe3b523d,2025-01-01,Office Supplies,Paper,East,659.39,-79.22
4ed088a0-756b-4fbd-8a2e-d5b57ac3263e,2025-01-18,Office Supplies,Pens,South,320.75,94.46
ead8d2a8-2e59-4898-8ad2-3d1e3e04d962,2025-01-26,Furniture,Bookcases,Central,979.02,197.88
57a44009-ed9a-4448-9140-24e1577b6b1e,2025-05-31,Furniture,Tables,South,155.16,72.79
faed662a-dcfa-4c6c-9484-3db9152afbba,2025-12-01,Furniture,Tables,Central,594.63,-32.12
13c9c5c6-cc62-4251-8e51-964c7d9d9e39,2025-02-07,Office Supplies,Binders,Central,35.95,108.8
a3978ed7-9f6b-4183-9082-7c27d3baf7d2,2025-11-23,Furniture,Chairs,West,916.12,21.3
f1409843-00a0-4884-b7f9-693f65e844a7,2025-06-02,Office Supplies,Pens,East,209.01,204.12
a1b26870-a0e2-4655-a6e4-3128482306d9,2025-06-15,Office Supplies,Binders,West,188.54,202.61
e01dda98-e70e-4c45-b6f8-f6c578fbe477,2025-03-15,Office Supplies,Pens,Central,749.13,-92.23
b62352eb-2228-4bc1-b780-d629cdc8137e,2025-06-14,Technology,Accessories,Central,381.85,250.01
131ea6a0-5110-4c41-8146-0bf1b8af75c6,2025-12-12,Office Supplies,Paper,Central,745.06,-39.74
54b79303-6bc0-4449-8690-114e5237cda4,2025-01-23,Technology,Accessories,Central,12.21,104.26
f7fa1f41-c692-4761-b92d-1f8ba199ce2f,2025-05-22,Technology,Phones,Central,236.15,136.88
80e5a23c-d07a-4bcd-a880-e6e625d8f6cc,2025-11-09,Technology,Laptops,East,39.53,23.25
e28cf4cd-b324-48d4-8776-466212827d3c,2025-08-18,Technology,Accessories,East,580.08,126.94
68cf414d-5554-4127-8ff5-bee02297ecac,2025-08-27,Office Supplies,Binders,West,50.46,25.88
0a75897e-f1a4-467d-9a5b-e2484619028e,2025-11-21,Office Supplies,Pens,Central,463.48,52.54
1e309dd7-a9ba-45e6-9c65-13a927216254,2025-11-14,Furniture,Bookcases,East,973.93,161.36
f543f24e-a247-410b-974d-62b4ab9912d3,2025-08-31,Office Supplies,Paper,East,157.49,133.63
34552d6a-2600-4daa-bf5b-c72c8b2a73dd,2025-05-07,Furniture,Bookcases,West,333.9,287.74
40ac43e5-cb19-483c-a90c-f017af8ad6e7,2025-11-01,Technology,Phones,Central,661.94,296.76
e8c4dca5-e649-4f1c-b6e5-91a70099835e,2025-12-25,Technology,Accessories,West,50.09,98.26
d545c472-15e0-4d75-bdaf-5ae2de9acba2,2025-10-06,Furniture,Tables,South,830.21,288.05
213ad23d-d962-4d53-b8d8-9cc61b959d2d,2025-04-15,Technology,Accessories,South,865.81,12.08
1a8813de-acdb-45d9-9599-44362a3202ff,2025-09-17,Furniture,Chairs,South,538.28,109.97
53b17945-3095-4e06-b2de-707e67391738,2025-12-29,Technology,Accessories,East,364.02,91.57
3dab84c5-4916-4a9e-ac95-89c9357cdc75,2025-03-25,Furniture,Bookcases,East,28.66,82.01
8edcc065-8e17-4762-9257-9dc1d3aac41f,2025-07-17,Office Supplies,Binders,East,417.54,-24.91
9daf7cf9-dd5e-4c1f-8434-58972b57401d,2025-05-31,Office Supplies,Binders,South,520.57,250.97
a91a646e-288d-45fa-86be-c93ea870cdbb,2025-05-10,Technology,Phones,West,305.56,205.27
62b82169-ec7c-4cbb-91b6-cc074fa9d18e,2025-08-02,Office Supplies,Binders,Central,775.65,240.22
698b6fae-38d6-48ac-b9a7-46c5eb5bbca3,2025-01-13,Technology,Phones,Central,242.02,120.3
d9ad4a1d-d2d8-4d17-8a0c-3b0549358daa,2025-05-07,Technology,Phones,Central,486.67,101.26
44d73424-a383-492f-8df4-950727eae569,2025-04-19,Furniture,Tables,South,372.44,-80.53
eac77eb4-d31b-42fa-849d-b834ea819340,2025-07-04,Technology,Accessories,Central,361.96,9.95
dd5ea448-78de-4a3c-95e1-6a00fec22b79,2025-07-16,Technology,Phones,Central,79.78,173.31
97eba784-8d17-4fb9-855c-9c65fc8b4406,2025-10-01,Office Supplies,Pens,West,748.64,207.9
d62e7afd-45b5-4ae0-a446-43d019e84719,2025-05-09,Technology,Laptops,Central,250.2,9.7
71a334a2-445a-438d-8d16-f8eb27b16c93,2025-05-04,Technology,Phones,Central,757.48,-85.14
cf1f58e0-388d-416f-a059-42d90c048fd7,2025-11-30,Technology,Laptops,West,171.12,45.68
44ad1e97-cbde-4813-90f4-2baedf168bad,2025-03-07,Technology,Phones,West,88.28,95.69
6e5490d9-6e40-448a-983d-e1c429af4512,2025-01-20,Office Supplies,Paper,South,981.45,168.81
171d13da-5895-463c-9d1e-28df0a352a7f,2025-02-01,Furniture,Tables,West,647.32,253.42
aa92e533-b1e5-4ade-a59f-426f8c030c37,2025-12-19,Technology,Accessories,Central,219.23,291.22
5539b456-4eb0-4aec-a1ef-bea4ce2a91fc,2025-09-02,Office Supplies,Binders,South,403.4,149.23
a11c2eb3-a0cf-4de4-b6a1-c1372c16c5b7,2025-08-20,Office Supplies,Paper,Central,328.61,242.86
e7c3d012-f2fc-47ac-952b-a9b8db838e77,2025-01-10,Furniture,Chairs,East,865.5,21.46
e0086a49-5e95-498e-a229-54722c1ac1a4,2025-06-13,Furniture,Bookcases,West,144.67,119.73
7691e9eb-8a3a-4ce6-bc13-a881f431f91b,2025-10-14,Furniture,Tables,West,939.22,155.44
6a5476d9-4775-482d-b16f-d843053ea45d,2025-09-21,Technology,Laptops,Central,337.61,-21.94
343430b4-e8e6-44a6-928b-c6f58d87930d,2025-07-21,Furniture,Chairs,East,332.7,8.51
b89593b0-e5e5-428c-91e3-5e3339cfbd1f,2025-12-07,Furniture,Bookcases,West,184.09,-11.63
480d4292-ee6f-4bfe-bc58-0fb19c031ceb,2025-07-12,Technology,Phones,East,48.57,9.18
c2515c4f-63e4-4a8c-9434-7acdcb0ac673,2025-04-01,Office Supplies,Binders,East,469.07,237.77
e18e4968-8f52-40e1-aee5-631c0d547c1b,2025-11-16,Office Supplies,Binders,Central,422.56,248.04
6854da27-f338-4168-a6c2-6b74e3e4cd29,2025-07-20,Technology,Accessories,Central,689.27,266.57
9db540f0-95d0-4057-a037-48644f43f9df,2025-06-03,Office Supplies,Binders,West,414.43,224.36
66135328-2907-45db-95bc-ff47a3f44509,2025-04-25,Furniture,Bookcases,West,313.42,-86.03
38a2fab3-306d-4a13-9871-f6c9391be8df,2025-11-10,Technology,Laptops,Central,120.25,-47.05
7f6eeb0b-019a-48c6-bf74-35ff9a2d7254,2025-01-23,Furniture,Bookcases,South,762.47,194.86
061e17c6-ea1c-45ba-899f-55019956bc78,2025-09-18,Office Supplies,Paper,East,458.55,242.63
20b41dba-d918-4961-b06a-28ab188a676b,2025-07-29,Technology,Accessories,East,855.98,59.98
0fc4617a-09d5-4dfa-b00a-f0fa17fbc171,2025-07-10,Technology,Laptops,East,529.66,210.29
02a9a35f-d4b0-45d0-ac6a-21160ce83980,2025-02-14,Office Supplies,Pens,West,142.55,18.78
1c6c6376-501d-453e-b08a-32433b20a59c,2025-10-31,Technology,Laptops,West,352.94,217.43
6d452291-3770-476b-b56f-229721accf0e,2025-07-24,Office Supplies,Paper,South,201.85,37.91
67ac05bf-b1ea-4f44-8b8d-6ef7b23ac99c,2025-11-07,Office Supplies,Paper,West,452.33,117.23
e8e02b56-de9c-4c0f-bbde-ec9a7c0527c6,2025-03-26,Furniture,Bookcases,East,806.23,3.71
fb0758a3-b8ca-463c-bf05-7ee294f8c7e8,2025-09-07,Office Supplies,Paper,East,916.97,37.3
106d8aae-10d8-454a-b43f-6aa356bcbb96,2025-03-31,Office Supplies,Paper,Central,59.04,-47.52
6842258d-a18b-4312-a007-b739a69a5309,2025-10-10,Technology,Phones,East,781.35,14.37
7223fc9d-c31d-4deb-bc26-59325fc6973f,2025-06-02,Furniture,Tables,West,870.2,-55.68
5fad5136-f904-4e8b-b063-73792658456a,2025-08-21,Technology,Laptops,East,487.71,269.65
61f9b110-6d95-42dc-a32c-f680d3cf2f7b,2025-08-06,Technology,Laptops,South,932.79,100.66
25398b89-3337-48a8-97eb-c315bc42d491,2025-06-29,Technology,Accessories,South,444.02,9.0
b5159cb5-df55-43a5-b76b-20017d694c04,2025-06-14,Office Supplies,Pens,East,647.65,58.93
e5c7d477-97b3-4814-9e85-e7c086029246,2025-12-29,Furniture,Tables,South,84.25,72.24
436a014f-b396-4e38-b2de-d6953e82d665,2025-06-13,Furniture,Bookcases,Central,997.67,266.52
3e9fac59-6568-4723-ac8d-0c231cc33eaf,2025-02-18,Technology,Accessories,South,325.71,199.84
6ab44e04-1700-4c80-8b55-da50a1c8b13b,2025-03-09,Technology,Laptops,West,281.49,282.15
86d8d88e-5767-4cc2-9759-12917d88d56f,2025-10-24,Office Supplies,Binders,South,484.42,237.06
c7e8ca0b-a487-48f7-aa70-ccba17775c14,2025-07-27,Furniture,Chairs,East,468.0,225.91
b198c42d-4439-4b84-92bf-b334bdd353ae,2025-05-28,Furniture,Tables,Central,441.88,131.61
e3e1cbf0-5058-4338-9cf9-823c90a8adb8,2025-08-12,Office Supplies,Pens,Central,433.75,-93.63
669c0d73-3657-4f46-974a-2579a42037aa,2025-06-17,Office Supplies,Paper,South,556.86,185.82
05b24969-a1ea-42f9-a113-fb69730c74d7,2025-01-08,Furniture,Tables,Central,408.15,-28.43
59f5630a-fc89-4aae-a20e-949bd0387abd,2025-02-03,Technology,Accessories,South,597.68,19.75
01a498d3-f361-4ad1-b603-7b1fff3f78d2,2025-04-29,Office Supplies,Binders,West,82.96,-95.7
ec06d8b0-e6dd-476d-8019-cd45f14a1465,2025-02-14,Furniture,Chairs,East,430.73,9.97
14634d23-7131-42bf-8837-82c6ff2ee608,2025-05-30,Furniture,Chairs,West,659.36,-45.36
44eb05dd-7df8-4416-bc04-2c217b3317f3,2025-04-09,Office Supplies,Binders,West,807.53,-49.87
071d57a1-e26b-43ce-9dbd-61812551af1f,2025-04-25,Technology,Laptops,West,33.03,11.48
628715e9-9162-421d-b9ef-9799a4a21a4b,2025-09-23,Technology,Accessories,West,777.44,164.89
ec7c4971-7a2f-4387-b3f2-993efbd66d85,2025-10-18,Office Supplies,Paper,East,638.98,73.37
598311cb-127b-4e38-9315-1e93e2ba30ae,2025-06-01,Furniture,Bookcases,East,524.12,121.77
1e3a0c5d-762c-47c2-bd36-489a0950015b,2025-02-10,Technology,Phones,West,158.24,138.73
f5a0b01b-2909-4eb1-a10e-c2d7c55ad264,2025-02-21,Office Supplies,Paper,Central,847.0,-56.38
0a269b39-8725-4285-9784-ca44628ed4ad,2025-09-05,Furniture,Tables,South,287.72,76.84
022e6b9f-5598-47e3-b7d3-b7b6ec70daca,2025-07-09,Office Supplies,Pens,East,228.67,102.55
b7a6da49-d861-4c24-a880-cdb5d8e55afd,2025-05-15,Furniture,Bookcases,West,188.09,251.35
dde19274-4675-4a37-bc75-8dccc529de1e,2025-02-14,Furniture,Tables,West,130.47,173.0
dc2e2c63-135c-4b10-b86f-9dd023ba915f,2025-12-17,Office Supplies,Binders,West,941.76,29.59
01d46cfd-a77d-4163-af76-75a8b0d93329,2025-05-02,Technology,Accessories,East,921.2,63.17
a20739e1-a825-4ad9-a01e-5337d57203a8,2025-06-06,Technology,Accessories,West,479.64,36.54
9f4838dd-87c5-49a1-9bd1-77a939b39dc9,2025-04-14,Technology,Laptops,West,293.83,203.09
7c0f8ba1-de16-46e0-85a9-6fb9f227a2fb,2025-07-08,Office Supplies,Binders,West,162.2,45.52
2603c13e-2c0e-4098-9656-0da109a9dbfb,2025-10-24,Furniture,Tables,Central,859.76,-78.66
11d4f8cc-3423-44cc-aa04-d5a7e2aa43a8,2025-06-12,Office Supplies,Pens,Central,599.23,213.24
5b4fbbe0-b63d-4bfb-b2db-46a0e742503a,2025-10-09,Technology,Accessories,Central,744.4,-4.84
6a00d2db-9410-4eac-98a8-f2b67ab01239,2025-07-27,Furniture,Bookcases,East,250.56,44.36
5b891236-6c14-443c-8d75-c357617b5d02,2025-11-03,Technology,Phones,Central,491.49,-2.52
4cde7851-acfc-4592-9879-6ca00c1f2acf,2025-12-24,Technology,Phones,West,40.84,148.49
1d3bfd68-ee2c-4769-959a-500f84eb1077,2025-09-07,Furniture,Chairs,East,874.08,132.87
4d77d7cf-bff9-40c4-a8c3-5339523e71a6,2025-03-26,Technology,Laptops,East,914.86,264.27
62f8429a-b337-43a2-9d93-ce8d4eaa8c30,2025-11-03,Technology,Phones,South,314.13,33.12
14ba641a-02b4-4344-9442-2ab48a69647d,2025-10-01,Furniture,Chairs,South,16.81,241.98
51baa1f5-ce3a-4d78-9598-2aff81846a5a,2025-05-28,Furniture,Tables,Central,231.31,-32.64
fd9fd837-b067-4da3-90aa-a82a1d434bf0,2025-08-30,Office Supplies,Paper,Central,666.3,206.74
eb4644d7-3a85-4eb3-9b6b-51d09e7a2067,2025-07-24,Technology,Phones,Central,776.28,160.31
84a82288-7343-46c1-8664-6c32ebd97010,2025-05-22,Furniture,Chairs,East,212.32,190.49
0f5a7cf5-8c5e-4c6f-96c9-83984d9a62eb,2025-06-30,Office Supplies,Binders,South,491.84,140.34
42940de1-e1f2-4453-a771-f49bebbcecc9,2025-06-19,Furniture,Tables,South,633.22,154.0
88972f1c-29aa-4801-aedf-a9d9df3205da,2025-09-05,Office Supplies,Paper,West,596.08,-89.79
97f95886-0f04-435e-809d-4ee5fd0964c4,2025-03-21,Office Supplies,Binders,East,618.84,-20.73
8fb5f637-702b-4726-842e-e22c7ca0f450,2025-02-12,Furniture,Chairs,Central,765.36,-3.7
9bbeeb3e-ac70-4bcf-a87b-a4d44ce27ef7,2025-07-31,Technology,Laptops,West,998.9,-8.14
b7cf297d-ff0d-4e8e-a5fc-79c56c0bcb1e,2025-01-08,Technology,Phones,Central,233.27,68.68
83ca5146-c1e7-46fa-a4a8-469a86441b82,2025-06-14,Technology,Laptops,South,553.78,119.85
9293196f-1c18-4925-bf6d-f035220903ec,2025-10-31,Furniture,Chairs,Central,169.58,20.82
f19ea29f-33f5-4d3d-9238-d080dfca8560,2025-01-07,Furniture,Chairs,Central,363.91,10.5
c677f998-c900-4cfb-b0a0-159d4cab2b39,2025-08-28,Furniture,Chairs,West,458.22,102.29
bf664626-d8db-4ad7-918d-a92c36d10d6a,2025-07-11,Office Supplies,Paper,West,356.5,186.92
c861b214-39e5-4169-87c2-9084d168afc8,2025-08-01,Furniture,Tables,West,61.06,273.23
95d8f6ef-e749-4c04-86ed-44c2b0e5dcd5,2025-04-02,Technology,Accessories,West,297.57,64.89
4f6dd203-c73c-4bb0-b402-9ee6e3f0b9a4,2025-08-21,Technology,Laptops,West,994.87,122.25
d891a0dc-3dbc-49ac-ad3c-d605aedf98e0,2025-01-10,Technology,Laptops,South,567.62,17.82
5a0a8dd2-29bf-4f49-be7e-54936da28e82,2025-03-05,Furniture,Tables,Central,456.03,-34.12
a103f82b-48a9-4757-afcf-a0ef178d4a15,2025-08-26,Furniture,Bookcases,South,616.03,201.35
a776e7f2-ea2d-440d-b502-3668efec9281,2025-01-27,Technology,Phones,East,605.45,206.68
9ba98c4e-367e-40cc-a2c8-738d154e4295,2025-06-10,Furniture,Bookcases,Central,437.33,121.72
3425fa81-6f25-41fa-9a04-172eb4a8b54c,2025-07-24,Office Supplies,Binders,Central,221.68,266.68
8d6c3138-ceb3-48f9-955f-02801da07486,2025-05-05,Technology,Accessories,East,482.97,249.8
522f9ab6-8d59-499f-9f4a-d90983011e90,2025-12-17,Furniture,Chairs,East,235.12,237.11
c6d2eeed-e9c1-4813-96ee-59e5f9b168c6,2025-04-04,Furniture,Tables,West,337.87,233.98
efa75325-cfca-4416-b6a2-77fbadc05379,2025-02-08,Furniture,Tables,Central,284.04,163.37
12411110-c385-4e86-9f7a-eb96425ef54e,2025-11-24,Furniture,Tables,East,13.69,29.9
3b585580-abd0-4a20-aaed-2edef57a446a,2025-09-12,Furniture,Tables,East,991.29,275.81
8b0dc6bb-29d2-443f-954b-c81f8113bae1,2025-09-10,Technology,Laptops,Central,372.71,198.51
432e80f1-63d2-4e0b-84e2-45be84efa42c,2025-04-14,Office Supplies,Binders,Central,629.43,234.88
d6652e31-4f05-4ff8-ba9c-3f8778652872,2025-10-02,Technology,Accessories,East,14.24,101.68
abe26f57-4e05-460d-ba5d-db1f6958bddd,2025-08-13,Technology,Laptops,Central,13.18,169.56
b937cd87-37ce-41be-ac33-c19b7ac33d35,2025-04-09,Technology,Phones,East,895.97,129.0
e19c0c1c-5889-46f9-8957-e8ab17db6b71,2025-11-17,Furniture,Bookcases,Central,678.18,252.14
22e6d8c0-d5f4-42b1-858a-122cb18586d5,2025-04-02,Furniture,Chairs,West,547.45,2.92
0a1dc8fb-a0b0-450d-8c00-7855d9e90cee,2025-07-17,Technology,Phones,West,178.42,-92.11
40f8bb12-f682-4124-b31a-73f63bde1dc3,2025-04-04,Furniture,Chairs,East,456.68,-1.96
9582d79b-0498-4109-985b-0056ad02f84a,2025-08-06,Furniture,Bookcases,West,454.24,50.05
23f1341a-3cd1-446f-8db5-591ab2f4b66d,2025-07-04,Technology,Phones,East,565.25,-60.49
7bb5535b-e4c5-4631-b410-72174d6f633c,2025-07-23,Technology,Laptops,South,146.26,-98.22
f12a5aea-03cf-4ec2-a42c-65b614dc1298,2025-12-25,Technology,Accessories,South,411.88,62.01
82a824a3-7397-4890-a8c7-0c466b578223,2025-10-25,Technology,Laptops,Central,116.61,75.04
bc47524e-75f3-4fdc-902c-2fa7413f3f0b,2025-11-22,Furniture,Bookcases,West,268.69,84.3
901cb117-31b6-437a-8a40-b6a7835ae80f,2025-10-19,Technology,Laptops,West,111.91,228.75
5f28d5cd-94cb-4bff-816d-229a6dc1275a,2025-12-17,Technology,Laptops,West,754.21,250.33
23918854-e510-4795-b908-b166ae31a527,2025-07-29,Technology,Laptops,South,202.06,160.32
a2ee535e-9f8b-48e4-bded-aede0370d020,2025-03-02,Technology,Accessories,South,59.24,31.15
ce6f8698-fd51-42d3-ac82-24da73f515dc,2025-07-06,Technology,Accessories,East,956.78,250.1
d0f2a7c1-c5bf-48be-ad63-832d1a671f91,2025-01-06,Office Supplies,Paper,West,581.57,187.87
baa90c2e-2140-4d60-a505-b6f23f142133,2025-01-16,Furniture,Bookcases,South,309.64,294.46
9243f3c8-cf0f-4880-8767-c39b940368bd,2025-10-27,Office Supplies,Pens,East,559.28,22.85
2b5f26f1-57c4-4cc3-91f7-1cfd58d55f95,2025-07-21,Furniture,Chairs,Central,864.04,167.27
d30ccd3d-fc78-4abd-9a38-d48db419cf12,2025-05-10,Furniture,Chairs,South,269.67,-62.98
39b10b5c-81cb-49a1-b9d8-a309ff81aaff,2025-04-11,Furniture,Tables,South,342.09,-95.1
0954162f-01a5-4dfe-a7d4-3b4030180ef9,2025-01-14,Technology,Laptops,West,288.95,70.17
89fc588a-247d-4f0a-ae96-2214a047feea,2025-05-13,Office Supplies,Paper,West,351.58,58.42
a5360154-5b03-46da-86a1-23dda859ce59,2025-03-28,Office Supplies,Binders,West,95.62,153.67
e8cfc640-21c3-45eb-9e3f-0ac573961170,2025-11-08,Technology,Phones,West,154.93,140.91
9a220ec4-68c7-4f72-9eea-2b2982819767,2025-06-01,Office Supplies,Binders,West,745.14,-1.3
14c5f244-1c6e-45d4-a5a4-8e3c1c03f246,2025-03-23,Office Supplies,Paper,West,698.11,166.34
1bc2d60a-84fe-49d9-95be-514c93b47460,2025-04-21,Furniture,Bookcases,West,870.06,132.97
8a9069c3-5dfd-4a34-98a2-fa791187c8e9,2025-04-11,Technology,Phones,Central,751.25,166.47
eab762a8-c1c6-404b-8989-a5edc593bba0,2025-06-21,Office Supplies,Paper,South,654.43,261.74
7e8b596a-05db-44a5-b005-fc07e1b4c713,2025-08-01,Furniture,Tables,West,370.1,227.63
339572e6-9197-433c-98a4-876df6dc8f63,2025-03-16,Technology,Accessories,East,885.65,280.73
fd4c787d-a01e-4dff-aecf-bdd21b72bc07,2025-03-04,Technology,Accessories,East,322.54,-41.86
c54f74a6-abc8-47bc-976a-b9b8dc5e6629,2025-12-07,Furniture,Tables,Central,684.97,2.25
a832fce6-44c9-4dc8-a205-0af4aabf5e30,2025-03-04,Furniture,Chairs,Central,226.93,178.68
b65773c7-1b6e-4667-a8ac-9d744f64fb49,2025-12-11,Furniture,Chairs,East,95.14,-23.7
f4118101-bfc8-4576-8600-811e5741096f,2025-06-09,Furniture,Bookcases,East,393.8,291.35
8208eb4f-a6ba-4318-a333-740a745b4984,2025-09-10,Furniture,Tables,West,332.44,175.13
393b011f-a917-418d-9e1c-7a64f4b5b6ba,2025-10-19,Technology,Accessories,West,390.37,-41.38
38abd529-c984-48e5-a3a0-8444b4fa0f1c,2025-11-03,Office Supplies,Paper,West,234.24,227.25
de70a34c-2a91-4277-b47c-855533c90108,2025-09-02,Technology,Accessories,Central,196.85,190.92
762bd325-899e-4cff-a247-4b7decab92c3,2025-07-18,Technology,Phones,South,359.87,53.92
58e179ec-95b9-4df3-bb3f-df4bd37040d1,2025-12-29,Office Supplies,Pens,East,933.15,158.4
0f2cdb99-095c-43cf-b4ce-74a819971e51,2025-11-08,Office Supplies,Paper,South,363.74,77.17
8ea9257a-e9b4-4534-a7b0-ca0bf08ca6f1,2025-04-08,Furniture,Tables,West,100.93,231.99
9ee71021-75d4-4b00-9c56-1fbdf45b4c48,2025-12-05,Furniture,Bookcases,East,813.76,227.48
d0bf54bc-d1f4-4289-b923-f1a9f2d71272,2025-09-24,Office Supplies,Pens,West,828.38,40.82
4ef40f93-49de-40f5-a1ff-80eed90eae9d,2025-12-17,Furniture,Chairs,East,750.03,-30.18
fdd64322-b5b8-4310-98ce-15a4d9d170af,2025-10-27,Furniture,Tables,East,649.49,-23.23
1311311b-de16-4a51-ad08-4dcf09f8b624,2025-12-16,Furniture,Tables,East,742.54,-77.92
6103245f-fd2f-40a1-a1e3-35a56b2e1c10,2025-11-10,Technology,Accessories,West,523.2,-61.35
6ad72d35-21a7-47eb-a21c-a8350840c518,2025-03-19,Office Supplies,Paper,South,686.07,-48.68
b4c5ac16-169b-4400-be30-2e656da8b159,2025-06-05,Technology,Laptops,Central,998.87,-89.63
382843e2-fe25-49d1-925c-a72407604da0,2025-12-20,Office Supplies,Pens,West,913.46,252.21
d3eab2e2-0965-453c-ac1f-98d6bf9acb52,2025-04-03,Furniture,Tables,Central,319.48,165.3
355c2140-8ec2-483a-aef0-050694b1898d,2025-08-24,Office Supplies,Paper,South,964.68,22.5
84097077-3dbd-44a0-8cef-4757af62f9df,2025-10-30,Furniture,Chairs,South,511.76,-54.91
bf56222b-9444-4228-b8bc-6b9720055474,2025-12-20,Technology,Laptops,West,406.02,214.39
5d2c5d5b-1d7c-431c-b785-4f34dd262afb,2025-06-18,Furniture,Chairs,Central,473.4,30.84
1c995731-ebc5-48a2-8854-94718dcd3549,2025-07-08,Office Supplies,Paper,East,154.13,128.08
b59c45da-138c-4dea-b0da-4feefdb46c4e,2025-07-28,Technology,Phones,East,676.79,12.68
f48e5ef4-8dae-4679-aa13-68d7c55f7ad0,2025-11-13,Office Supplies,Binders,East,812.46,37.26
0f880a74-9386-414c-a588-05387e484f9b,2025-08-27,Office Supplies,Paper,South,841.22,200.87
2bf14400-329e-4503-85e1-32998bd04e6f,2025-04-04,Office Supplies,Paper,West,962.2,119.85
96579ab5-3ca9-459f-93f6-5fc49580c1ab,2025-06-14,Technology,Laptops,East,297.15,288.63
e448b149-f713-4f9e-9bb8-142d0ef9a83a,2025-02-10,Furniture,Chairs,West,73.71,40.09
b08b4958-1402-4dab-893e-0a4b18a73626,2025-02-14,Office Supplies,Paper,West,309.73,33.15
0910255d-dd09-43ec-a372-c8ee39ca77c1,2025-09-28,Technology,Phones,South,110.19,-30.13
d5df9591-83c1-45e1-9f06-e40f4f81e525,2025-05-04,Office Supplies,Binders,Central,164.6,-22.36
7cd15080-c729-4201-993e-cf20653e7c1b,2025-04-25,Office Supplies,Pens,East,864.1,30.4
d2cade77-7301-40b2-88f4-468b6bca7262,2025-04-28,Furniture,Bookcases,Central,852.18,200.86
39998ab7-606b-4635-98b0-93918920c511,2025-01-18,Furniture,Tables,West,719.55,280.24
f162919c-4bb3-47ca-a0ba-ca462336a995,2025-07-06,Technology,Phones,Central,617.58,70.69
e306e191-8518-4908-a2a9-e96965ac1e2e,2025-02-01,Office Supplies,Paper,East,637.27,266.1
93c5234a-e761-44e5-96ad-a07379c810e9,2025-07-11,Furniture,Tables,Central,536.34,-73.08
1a6c7a8e-c19f-458d-86e4-dc6d2d3e454b,2025-07-28,Office Supplies,Paper,Central,66.98,139.18
e6f3caec-1829-46a6-b044-0b70f2538ba0,2025-12-14,Office Supplies,Pens,Central,713.78,14.76
227cc170-5a6d-47fa-96d5-9811a769eea1,2025-11-07,Office Supplies,Pens,East,837.28,142.24
e6d931ed-3173-4902-901f-dce0d2ee919b,2025-09-09,Technology,Laptops,West,645.23,145.83
cc7dcbc4-b852-4f3c-8595-d86b9fa9a7b9,2025-05-20,Furniture,Tables,Central,68.39,21.46
ca27416b-7994-4fab-9846-5a83e5f23743,2025-07-31,Office Supplies,Binders,South,80.42,-54.71
2ad7500c-45b0-401f-b051-06cc788462a1,2025-07-06,Office Supplies,Binders,Central,567.08,56.58
e0510dc5-db8a-4594-ae7f-f5d252c3cd14,2025-08-16,Technology,Accessories,East,626.49,-8.98
c83dc72e-4314-49bb-89f2-3c9743936430,2025-09-20,Furniture,Bookcases,West,884.55,77.96
cce478cb-1dca-49cc-a2cf-a72801671d22,2025-09-17,Furniture,Tables,West,210.89,264.75
3fd5246b-2b6f-4f20-b7b9-4a213b25930b,2025-04-05,Office Supplies,Pens,Central,25.24,111.35
6aac1e5a-fc46-4ca8-9f99-5db1cc8710d5,2025-04-21,Office Supplies,Binders,South,264.57,256.76
42ed6cde-39cc-4f3a-ae64-11848b0ea29f,2025-06-02,Technology,Accessories,Central,368.07,119.66
9de07b62-c394-4b5e-a864-e5d6a2d219de,2025-11-01,Office Supplies,Pens,Central,582.28,201.77
7ff65d2c-5daf-4fd4-aa7f-e30334d21dc2,2025-02-19,Technology,Laptops,West,588.21,68.23
13447f40-cd1e-4f8b-8d88-d4159156061b,2025-10-21,Office Supplies,Binders,Central,771.64,256.82
9ff508db-e784-4d2c-834b-b71fcf68a395,2025-06-16,Furniture,Chairs,Central,751.98,16.44
9b4c510b-6ced-4218-a013-74d52f5b3310,2025-02-23,Furniture,Bookcases,Central,63.18,229.47
25a74b89-d061-4d72-9199-dcd664eecec6,2025-05-03,Technology,Accessories,South,420.4,261.54
0be70452-963f-46fb-9c57-b0f62bcfa0af,2025-05-21,Furniture,Chairs,Central,774.54,120.2
94a8c332-63e1-4821-9fc3-2c19140177f9,2025-08-07,Technology,Laptops,East,827.98,298.7
97f317ac-1e7a-49e3-a4f3-40ff6547eacc,2025-03-28,Furniture,Chairs,Central,73.71,-72.58
db0b88a6-4c40-4f4f-9a25-794c8506ef26,2025-03-25,Furniture,Bookcases,South,329.31,262.53
642503c0-9a25-4927-b166-297d12b9c9f3,2025-02-11,Furniture,Chairs,Central,684.01,258.27
3a5804ab-933b-443c-9d11-36b8a027ad07,2025-01-14,Office Supplies,Pens,Central,914.92,52.3
9836b581-6ad3-4011-b963-c0002449e22e,2025-03-19,Office Supplies,Paper,South,897.97,172.02
387af9f7-a597-43c2-851f-e8616145d64a,2025-08-04,Technology,Accessories,South,967.74,-85.28
61289839-731a-4324-9550-c8bf82f7427e,2025-04-01,Office Supplies,Pens,West,95.05,143.8
76f89b0d-00ce-4e58-af1e-a1beccfce357,2025-12-25,Office Supplies,Paper,East,89.22,264.36
cc1722d6-454d-469d-aea0-c8a4c5cbff59,2025-07-13,Office Supplies,Pens,South,419.16,43.36
dd2123cd-c490-4dfb-81ea-ea8675de6852,2025-03-09,Technology,Accessories,Central,877.09,-2.88
ddc9dc5c-564c-43b9-b2ec-12df82746e16,2025-12-18,Office Supplies,Binders,West,710.75,119.59
afa08dfe-273b-4184-8582-5a3ea1791f17,2025-02-20,Furniture,Tables,South,470.35,246.42
41caaaff-d1e9-4876-bd18-32c278dcead1,2025-02-14,Office Supplies,Pens,South,816.52,224.71
b755e821-bc6e-461a-9e6a-1ea03fe811a9,2025-08-30,Technology,Phones,Central,123.04,208.77
2a120fe4-5a6f-4769-8d9a-c9cc5f4bf19a,2025-02-03,Furniture,Tables,Central,662.99,58.46
54757990-1f58-4ee0-b037-8cb424e3acc5,2025-04-07,Technology,Accessories,South,513.67,190.76
0ba951c7-9b16-4f13-8b77-e5a4e899d3ad,2025-12-09,Office Supplies,Pens,West,757.4,105.5
206e0c86-2451-496b-8431-b033ddae8f55,2025-07-05,Office Supplies,Paper,Central,795.86,20.1
d6c1bb7a-3118-4eb8-80fa-631ddc728a2c,2025-08-04,Furniture,Tables,West,698.97,238.21
16cd8d28-9c93-4c58-8ec2-7f861e2f9a84,2025-07-03,Technology,Laptops,West,689.86,-0.73
40c09a55-c3e1-42a7-b45f-2d9f1deba98c,2025-05-01,Furniture,Bookcases,West,305.39,33.15
ace9bddf-3610-4413-9deb-cc325944c945,2025-02-03,Furniture,Chairs,East,517.49,89.34
0f868226-92ad-4776-b636-fb1aa275a2e3,2025-09-01,Office Supplies,Paper,South,278.03,126.96
20692f38-ef06-44ae-a83c-affe92f5ced8,2025-02-15,Office Supplies,Pens,South,109.1,214.14
a91e819f-e598-4ed2-97a8-7cd76c16d794,2025-12-23,Office Supplies,Pens,East,258.75,-82.66
6e6df08d-0f0a-4591-85ca-d90749d08e49,2025-07-22,Furniture,Tables,Central,259.93,140.66
d0d1d35e-66f7-45d3-b8fb-fc7732e42db7,2025-04-07,Furniture,Tables,Central,676.3,32.85
bdf8f431-b7b7-4093-8128-931eb0be0b79,2025-10-14,Furniture,Chairs,East,640.74,15.77
ad309170-11b3-482d-8c06-5905882d66b6,2025-11-01,Office Supplies,Binders,East,483.01,142.95
2f46c24f-eff3-48b6-be5b-b6f589c37b5b,2025-10-18,Office Supplies,Pens,West,231.26,214.08
06fcdcbd-e344-4fd7-90bc-f7f5acfdb815,2025-12-16,Office Supplies,Paper,West,267.96,-36.78
bfd6a896-239f-4687-a45c-0d07785018b3,2025-02-25,Office Supplies,Binders,South,522.56,238.94
512bebf5-2f2d-460f-b674-b834ff8b4fd5,2025-11-19,Technology,Accessories,West,842.37,111.67
00436c23-c319-4044-acb0-a2e1a4560b8f,2025-04-19,Office Supplies,Paper,East,799.85,85.95
8b4c29b8-d064-4ff6-b9ba-37917705d41a,2025-05-18,Office Supplies,Paper,East,299.31,-46.53
1f0ec745-84f9-47a5-8969-45cc5ad9ede1,2025-06-13,Office Supplies,Paper,Central,271.5,137.83
1977beb3-26c0-4302-a764-9423aa0f32bf,2025-02-17,Office Supplies,Pens,South,299.97,86.3
4a0abe8f-c762-43ba-8dc0-38d17160d1a4,2025-09-09,Office Supplies,Pens,West,177.61,227.76
2024a6da-c90b-474f-9842-e7986277d43f,2025-12-15,Furniture,Bookcases,East,992.53,-0.89
f2367b8d-b4d7-4ca2-bed5-d5a7c0d722f7,2025-10-09,Furniture,Chairs,West,247.41,57.51
168d0b60-baf3-4cd0-bce1-64e4d8d88a09,2025-04-23,Technology,Accessories,East,598.38,-40.91
c6699b0e-cd72-44c5-bea6-eca618b48ee8,2025-10-31,Office Supplies,Paper,West,670.75,47.35
0fce1b87-5c53-436e-8731-fb354acb1ca4,2025-07-18,Office Supplies,Paper,East,463.38,-81.77
02cc4513-582c-40dc-8dff-b10321796914,2025-11-30,Furniture,Bookcases,Central,671.38,23.55
f1f84339-5777-4b3d-8c49-30133ef8d5c5,2025-07-03,Office Supplies,Binders,South,317.3,177.75
87ecf09e-ce29-4d63-9e68-fb0b0f97d1bc,2025-08-26,Office Supplies,Binders,West,801.22,54.22
1a79b3ad-9153-45c1-af35-cb5c64c34e58,2025-01-02,Office Supplies,Paper,West,969.3,-11.59
c56279aa-db6e-4b40-a901-d0d33bfab29c,2025-12-27,Office Supplies,Pens,East,505.86,115.69
7ef14e67-1b99-4560-9566-e088657535f3,2025-05-02,Office Supplies,Paper,Central,372.53,-82.91
6afdb41b-399d-4b77-8419-6fe865248dfa,2025-05-10,Technology,Accessories,West,690.95,285.35
64b62f10-ea0c-4adc-90ba-7c5bbac09fd1,2025-08-16,Office Supplies,Paper,East,584.87,226.37
