Country,Population,GDP_per_capita,Life_Expectancy,Continent
Australia,1309559019,3373.71,58.34,Oceania
Sri Lanka,1140652926,12936.0,82.26,Asia
Czechia,1421545536,9559.63,84.8,Oceania
United States,37971432,10111.61,51.82,Americas
United Arab Emirates,326531228,27800.67,68.6,Africa
Indonesia,79405233,52833.66,56.01,Asia
Hungary,1357060723,27474.67,71.76,Oceania
Colombia,1149643671,40440.34,84.63,Europe
Spain,1056291672,23213.45,81.39,Africa
Singapore,7314869,19860.14,82.37,Europe
Ukraine,1181708201,50219.88,57.47,Oceania
Saudi Arabia,468753017,39677.3,68.98,Africa
Italy,1036703850,21702.82,58.22,Asia
Netherlands,626983598,54935.46,81.48,Asia
Canada,591689036,30412.18,56.69,Oceania
Finland,303999470,12108.21,55.39,Europe
Philippines,581781151,29510.09,50.43,Americas
France,1305503970,40807.27,56.37,Asia
Germany,275012332,22659.64,56.64,Oceania
Denmark,70752681,50783.3,52.71,Americas
Iceland,79833927,32455.49,80.37,Europe
Brazil,215722582,28598.12,77.3,Oceania
Vietnam,1094031798,51663.97,58.91,Europe
Ghana,265045349,28312.15,77.41,Oceania
Norway,1382230113,25450.2,64.78,Africa
India,418275443,7119.27,77.14,Africa
Portugal,232881549,22387.02,61.31,Asia
Nepal,208004087,24425.85,69.76,Europe
Bangladesh,530250651,11656.72,63.36,Asia
China,596265225,35681.57,56.57,Oceania
Nigeria,668728301,9486.68,70.5,Asia
Ireland,1415508922,14197.7,76.28,Asia
United Kingdom,1025720735,34104.43,76.36,Asia
Turkey,996822548,16870.03,62.47,Oceania
Switzerland,797552441,38740.43,68.15,Oceania
Pakistan,1327605249,41740.27,76.73,Americas
Egypt,1220848900,18776.13,51.91,Asia
Austria,1289508112,6155.87,52.52,Africa
Malaysia,1426039729,29877.66,63.17,Oceania
Sweden,1002484025,6481.01,57.82,Asia
Japan,1434687985,31398.91,63.11,Americas
Romania,852040549,43846.85,53.28,Asia
Thailand,414933662,37599.46,70.72,Oceania
Israel,909831261,27447.79,73.51,Africa
Chile,942814928,56805.65,77.71,Oceania
Morocco,303670950,7003.09,72.77,Africa
New Zealand,437809962,52920.09,63.87,Americas
Latvia,222842196,48207.6,82.72,Oceania
Greece,1156413069,25764.58,75.42,Europe
Uruguay,1409792765,10019.16,68.47,Americas
Poland,509486167,10196.14,57.24,Africa
Argentina,559435188,55386.54,72.71,Africa
Kenya,134093362,14788.58,70.71,Americas
Ethiopia,1074924244,52572.83,73.92,Europe
Mexico,332502052,30694.42,77.34,Asia
Estonia,943919164,28242.34,82.03,Africa
Peru,246325548,37551.16,83.22,Oceania
South Africa,983476512,13687.31,72.06,Asia
Belgium,617441913,26273.87,83.81,Europe
South Korea,1499920938,56370.58,81.9,Americas
